1	BTC Bitcoin	BTC	$223,997,343,605	$13352.30	16,775,937	$9,441,910,000	-0.17%	-5.62%	-5.15%	
2	XRP Ripple	XRP	$85,379,525,677	$2.20	38,739,144,847 *	$1,692,200,000	-0.40%	-1.59%	110.18%	
3	ETH Ethereum	ETH	$73,548,339,574	$760.52	96,707,708	$2,327,530,000	-0.53%	0.98%	-0.44%	
4	BCH Bitcoin Cash	BCH	$40,797,982,310	$2415.79	16,888,050	$906,826,000	-0.23%	-5.78%	-19.00%	
5	ADA Cardano	ADA	$18,083,561,305	$0.697478	25,927,070,538 *	$134,689,000	0.30%	-5.85%	67.67%	
6	LTC Litecoin	LTC	$12,381,001,488	$226.88	54,569,983	$621,339,000	-0.23%	-3.56%	-17.69%	
7	MIOTA IOTA	MIOTA	$9,873,391,881	$3.55	2,779,530,283 *	$120,165,000	-0.51%	-2.23%	-1.51%	
8	XEM NEM	XEM	$9,300,059,999	$1.03	8,999,999,999 *	$58,133,400	0.25%	2.07%	2.24%	
9	DASH Dash	DASH	$8,083,858,773	$1037.93	7,788,443	$132,927,000	-0.02%	-3.85%	-12.48%	
10	XLM Stellar	XLM	$7,907,452,514	$0.442772	17,858,971,467 *	$428,147,000	1.12%	27.71%	93.60%	
11	XMR Monero	XMR	$5,419,916,882	$348.62	15,546,731	$96,082,000	-0.03%	-1.38%	-1.86%	
12	EOS EOS	EOS	$5,112,101,992	$8.86	577,120,865 *	$320,044,000	-0.07%	0.59%	2.36%	
13	NEO NEO	NEO	$4,855,168,500	$74.69	65,000,000 *	$118,108,000	0.58%	-2.50%	20.62%	
14	BTG Bitcoin Gold	BTG	$4,594,320,594	$274.46	16,739,674	$143,282,000	-0.13%	5.01%	-9.88%	
15	QTUM Qtum	QTUM	$4,527,596,710	$61.37	73,776,128 *	$686,949,000	-0.79%	-3.30%	6.29%	
16	ETC Ethereum Classic	ETC	$3,409,379,972	$34.51	98,802,561	$814,856,000	-1.08%	22.82%	9.01%	
17	XRB RaiBlocks	XRB	$3,345,091,702	$25.10	133,248,289 *	$51,437,700	5.79%	33.49%	329.71%	
18	TRX TRON	TRX	$3,108,719,186	$0.047282	65,748,192,475 *	$438,355,000	3.17%	12.29%	26.16%	
19	BCC BitConnect	BCC	$2,454,429,815	$396.37	6,192,223	$26,935,000	-2.69%	-4.28%	77.22%	
20	LSK Lisk	LSK	$2,383,876,570	$20.45	116,550,464 *	$44,823,300	-0.26%	-2.99%	-12.50%	
21	XVG Verge	XVG	$2,260,371,827	$0.156776	14,417,843,463	$859,832,000	-7.12%	-20.97%	-19.80%	
22	ICX ICON	ICX	$1,945,574,207	$5.16	376,878,355 *	$54,979,200	0.35%	-4.68%	-17.90%	
23	OMG OmiseGO	OMG	$1,917,695,880	$18.79	102,042,552 *	$185,551,000	0.92%	-5.73%	23.00%	
24	BTS BitShares	BTS	$1,885,401,672	$0.723360	2,606,450,000 *	$64,599,700	2.42%	8.85%	16.15%	
25	ZEC Zcash	ZEC	$1,733,739,382	$585.09	2,963,206	$170,270,000	5.60%	15.03%	4.34%	
26	STRAT Stratis	STRAT	$1,624,877,652	$16.47	98,683,772 *	$68,121,400	2.86%	17.92%	6.15%	
27	ARDR Ardor	ARDR	$1,566,421,218	$1.57	998,999,495 *	$30,300,600	-0.05%	-11.30%	-4.09%	
28	PPT Populous	PPT	$1,465,655,497	$39.61	37,004,027 *	$1,650,720	0.55%	-6.63%	3.31%	
29	USDT Tether	USDT	$1,378,391,553	$1.01	1,368,089,837 *	$1,591,410,000	0.18%	-0.19%	-0.73%	
30	WAVES Waves	WAVES	$1,213,030,000	$12.13	100,000,000 *	$40,981,800	0.19%	-3.69%	-13.21%	
31	HSR Hshare	HSR	$1,162,018,262	$27.38	42,443,814	$235,352,000	0.85%	-5.48%	-3.13%	
32	BCN Bytecoin	BCN	$1,048,518,084	$0.005722	183,253,534,612	$4,483,130	-0.30%	-2.87%	-23.11%	
33	KMD Komodo	KMD	$976,377,600	$9.40	103,875,925	$11,444,600	-0.24%	-2.94%	-9.28%	
34	DOGE Dogecoin	DOGE	$969,335,740	$0.008609	112,592,617,441	$44,871,600	2.60%	-4.01%	-11.93%	
35	SC Siacoin	SC	$928,377,763	$0.029570	31,396,146,174	$14,711,000	0.25%	-3.20%	-7.54%	
36	STEEM Steem	STEEM	$889,749,379	$3.61	246,737,264 *	$18,553,700	-1.12%	22.02%	8.71%	
37	SNT Status	SNT	$878,667,497	$0.253183	3,470,483,788 *	$143,551,000	0.49%	24.49%	80.38%	
38	BNB Binance Coin	BNB	$797,836,989	$8.06	99,014,000 *	$61,590,500	-0.49%	-5.21%	24.27%	
39	REP Augur	REP	$777,441,500	$70.68	11,000,000 *	$8,884,030	-0.73%	1.31%	1.06%	
40	ARK Ark	ARK	$736,663,465	$7.52	97,981,284 *	$16,532,100	-1.66%	6.37%	3.37%	
41	GNT Golem	GNT	$735,157,514	$0.881207	834,262,000 *	$42,153,000	-0.23%	6.18%	26.96%	
42	VERI Veritaseum	VERI	$697,182,430	$342.32	2,036,645 *	$851,407	-3.26%	-1.14%	-6.62%	
43	SALT SALT	SALT	$655,139,105	$12.09	54,200,168 *	$33,201,600	1.11%	-8.71%	0.79%	
44	VEN VeChain	VEN	$653,330,531	$2.36	277,162,633 *	$57,991,100	2.22%	4.14%	75.12%	
45	NXT Nxt	NXT	$647,374,939	$0.648023	998,999,942 *	$81,211,800	2.73%	-7.34%	-62.99%	
46	DGB DigiByte	DGB	$647,370,654	$0.067190	9,634,925,643	$25,936,200	0.03%	-2.02%	-7.48%	
47	DCR Decred	DCR	$640,819,682	$99.02	6,471,795	$2,929,460	0.40%	2.75%	8.86%	
48	FCT Factom	FCT	$614,489,459	$70.27	8,745,102 *	$98,172,600	4.48%	42.23%	56.95%	
49	PIVX PIVX	PIVX	$586,641,332	$10.62	55,254,906 *	$4,346,890	0.02%	0.66%	-16.20%	
50	MONA MonaCoin	MONA	$545,134,235	$9.66	56,419,500	$6,725,800	-0.30%	-6.03%	-14.80%	
51	MAID MaidSafeCoin	MAID	$514,158,372	$1.14	452,552,412 *	$19,677,300	4.68%	20.93%	27.50%	
52	REQ Request Network	REQ	$513,101,808	$0.800746	640,779,733 *	$102,893,000	6.91%	52.60%	154.93%	
53	GBYTE Byteball Bytes	GBYTE	$450,859,233	$698.77	645,222 *	$1,538,360	-1.11%	-1.94%	-1.53%	
54	ZRX 0x	ZRX	$425,790,517	$0.893935	476,310,377 *	$21,804,900	1.62%	5.59%	30.68%	
55	XZC ZCoin	XZC	$424,134,796	$111.92	3,789,692	$11,823,100	0.45%	-7.56%	3.04%	
56	BAT Basic Attenti...	BAT	$416,275,000	$0.416275	1,000,000,000 *	$18,160,800	-0.31%	1.72%	-1.48%	
57	ETN Electroneum	ETN	$409,342,838	$0.081909	4,997,507,466	$4,191,920	1.96%	-7.54%	-10.10%	
58	DRGN Dragonchain	DRGN	$408,683,816	$1.71	238,421,940 *	$7,002,000	-11.30%	33.15%	96.62%	
59	PAY TenX	PAY	$408,194,808	$3.90	104,661,310 *	$15,398,200	0.01%	-6.54%	-21.79%	
60	BTCD BitcoinDark	BTCD	$396,934,753	$307.97	1,288,862	$245,256	0.11%	-4.83%	2.17%	
61	WAX WAX	WAX	$396,635,164	$0.804608	492,954,537 *	$15,856,400	1.12%	-11.05%	0.71%	
62	KNC Kyber Network	KNC	$395,769,253	$2.95	134,132,697 *	$19,805,200	-1.48%	15.31%	17.36%	
63	SYS Syscoin	SYS	$391,609,877	$0.738961	529,946,610	$8,801,660	-0.04%	-2.95%	-1.16%	
64	FUN FunFair	FUN	$367,334,427	$0.086434	4,249,873,622 *	$55,092,800	-0.43%	-23.72%	40.50%	
65	POWR Power Ledger	POWR	$366,883,029	$1.03	356,224,783 *	$48,406,900	0.23%	7.97%	7.69%	
66	BTM Bytom	BTM	$354,394,194	$0.359062	987,000,000 *	$13,388,000	0.51%	-0.49%	-5.77%	
67	XP Experience Po...	XP	$340,121,807	$0.001719	197,848,762,157	$9,656,460	0.97%	-23.12%	560.65%	
68	SAN Santiment Net...	SAN	$321,964,348	$5.32	60,522,686 *	$11,286,700	-0.07%	3.24%	-10.97%	
69	DGD DigixDAO	DGD	$312,574,000	$156.29	2,000,000 *	$5,300,950	-0.49%	-3.03%	-10.03%	
70	RDD ReddCoin	RDD	$310,561,829	$0.010817	28,711,063,217 *	$27,407,300	0.01%	3.39%	-36.83%	
71	QASH QASH	QASH	$302,730,750	$0.864945	350,000,000 *	$12,379,300	-0.61%	0.47%	-1.89%	
72	KCS KuCoin Shares	KCS	$302,248,445	$3.32	91,043,076 *	$3,786,470	0.07%	-3.91%	164.92%	
73	CVC Civic	CVC	$302,197,658	$0.881814	342,700,000 *	$17,483,500	-3.32%	0.72%	-19.25%	
74	AION Aion	AION	$300,708,282	$4.91	61,299,856 *	$5,303,080	-1.10%	-5.30%	3.59%	
75	AE Aeternity	AE	$297,674,332	$1.28	233,020,472 *	$1,442,330	-0.21%	-3.08%	-6.34%	
76	KIN Kin	KIN	$294,186,220	$0.000389	756,097,560,976 *	$4,529,120	1.30%	-5.99%	192.33%	
77	STORJ Storj	STORJ	$289,342,636	$2.19	132,342,914 *	$23,479,000	-0.17%	-9.97%	39.41%	
78	VTC Vertcoin	VTC	$284,898,517	$6.74	42,295,350	$7,615,130	0.79%	0.77%	-10.45%	
79	WTC Walton	WTC	$283,727,187	$11.40	24,898,178 *	$27,318,000	0.83%	-1.94%	-12.69%	
80	GAS Gas	GAS	$279,098,299	$30.54	9,137,582 *	$9,352,280	0.03%	1.39%	6.38%	
81	SKY Skycoin	SKY	$263,523,149	$38.61	6,825,522 *	$1,188,760	0.57%	-19.12%	61.39%	
82	GAME GameCredits	GAME	$263,291,260	$4.09	64,355,352	$3,627,940	-1.43%	-0.80%	-6.62%	
83	ICN Iconomi	ICN	$256,222,463	$2.57	99,788,314 *	$3,293,700	-0.08%	-4.49%	13.30%	
84	GNO Gnosis	GNO	$248,839,826	$225.28	1,104,590 *	$3,824,920	0.56%	10.04%	0.05%	
85	ELF aelf	ELF	$243,613,500	$0.974454	250,000,000 *	$98,739,300	0.81%	-0.77%	-9.33%	
86	LINK ChainLink	LINK	$239,409,100	$0.684026	350,000,000 *	$9,423,320	5.11%	19.68%	32.54%	
87	SUB Substratum	SUB	$239,311,016	$1.06	226,091,449 *	$6,567,160	-0.42%	-6.81%	-2.04%	
88	RDN Raiden Networ...	RDN	$237,880,976	$4.74	50,148,936 *	$16,668,400	2.50%	5.62%	19.64%	
89	ETHOS Ethos	ETHOS	$233,847,876	$3.10	75,401,962 *	$9,278,130	0.24%	6.76%	14.27%	
90	TRIG Triggers	TRIG	$231,062,236	$7.20	32,105,578 *	$15,290,400	2.80%	-3.73%	112.75%	
91	NAV NAV Coin	NAV	$226,461,595	$3.64	62,245,676 *	$7,884,210	0.84%	13.02%	20.22%	
92	SMART SmartCash	SMART	$220,276,647	$0.411058	535,877,289	$403,180	-0.11%	6.56%	148.50%	
93	MANA Decentraland	MANA	$218,964,261	$0.096301	2,273,755,650 *	$24,262,100	0.86%	-7.49%	5.27%	
94	BCO BridgeCoin	BCO	$218,145,960	$8.08	27,000,000	$1,067,680	-0.88%	16.04%	503.82%	
95	QSP Quantstamp	QSP	$215,304,985	$0.348777	617,314,171 *	$29,519,400	-2.18%	3.56%	105.58%	
96	UBQ Ubiq	UBQ	$214,115,557	$5.49	38,981,060	$3,096,840	-0.52%	-8.11%	19.57%	
97	BNT Bancor	BNT	$213,008,485	$5.22	40,772,871 *	$7,529,500	-0.08%	0.78%	12.01%	
98	CNX Cryptonex	CNX	$208,188,880	$4.62	45,041,957	$239,363	0.09%	-4.76%	-1.26%	
99	POE Po.et	POE	$206,689,665	$0.094095	2,196,601,583 *	$44,791,500	-2.01%	-5.95%	190.36%	
100	BLOCK Blocknet	BLOCK	$205,723,628	$41.54	4,952,232 *	$447,828	-0.89%	-3.82%	12.78%	
101	DENT Dent	DENT	$197,871,882	$0.018641	10,614,760,961 *	$5,298,240	-0.18%	-5.24%	-42.70%	
102	GXS GXShares	GXS	$196,124,709	$4.84	40,510,000 *	$6,069,180	0.25%	-8.32%	-2.23%	
103	EMC2 Einsteinium	EMC2	$195,197,272	$0.902708	216,235,230	$25,819,600	2.31%	15.50%	-7.50%	
104	MCO Monaco	MCO	$191,984,533	$14.67	13,085,542 *	$54,393,500	-0.57%	-5.21%	-23.18%	
105	ENG Enigma	ENG	$191,619,513	$2.56	74,836,171 *	$7,331,200	-0.60%	-4.11%	5.26%	
106	RPX Red Pulse	RPX	$189,284,687	$0.348367	543,348,500 *	$3,744,540	-1.66%	-8.57%	130.59%	
107	EDG Edgeless	EDG	$189,164,281	$2.31	82,046,288 *	$9,033,370	1.01%	0.10%	2.55%	
108	ZCL ZClassic	ZCL	$187,317,920	$103.50	1,809,800	$34,228,200	3.87%	11.25%	1104.20%	
109	DCN Dentacoin	DCN	$185,205,583	$0.000570	325,190,215,376 *	$531,448	0.79%	-0.32%	140.42%	
110	RCN Ripio Credit ...	RCN	$182,374,591	$0.372929	489,033,009 *	$18,844,300	2.56%	-2.01%	7.70%	
111	BAY BitBay	BAY	$175,671,243	$0.174153	1,008,717,866 *	$6,143,010	-0.71%	-1.93%	-26.37%	
112	NXS Nexus	NXS	$173,326,886	$3.17	54,747,715	$665,758	2.18%	0.16%	-11.71%	
113	MTL Metal	MTL	$171,626,176	$8.89	19,300,994 *	$17,324,800	-0.22%	16.09%	1.35%	
114	SNGLS SingularDTV	SNGLS	$171,439,200	$0.285732	600,000,000 *	$6,679,440	-1.56%	15.67%	9.54%	
115	ADX AdEx	ADX	$170,952,786	$2.84	60,248,315 *	$21,569,100	0.34%	2.13%	17.14%	
116	RHOC RChain	RHOC	$167,734,437	$0.916766	182,963,195 *	$1,111,370	0.92%	35.20%	74.87%	
117	ZEN ZenCash	ZEN	$162,937,112	$56.09	2,905,063	$3,392,990	-0.08%	-0.15%	31.72%	
118	PART Particl	PART	$160,519,721	$20.51	7,825,497 *	$422,052	1.49%	-3.89%	16.72%	
119	R Revain	R	$160,408,418	$0.869658	184,450,000 *	$871,282	-1.92%	-3.80%	56.31%	
120	LEND ETHLend	LEND	$159,498,529	$0.157466	1,012,907,733 *	$17,043,900	-0.94%	-13.14%	116.07%	
121	STORM Storm	STORM	$155,347,009	$0.063939	2,429,624,141 *	$3,245,490	-1.41%	-0.63%	142.69%	
122	TNB Time New Bank	TNB	$146,631,881	$0.091596	1,600,849,393 *	$18,095,000	0.18%	-10.78%	-1.78%	
123	CLOAK CloakCoin	CLOAK	$141,970,365	$28.09	5,053,693 *	$2,905,320	1.68%	-7.22%	20.72%	
124	RISE Rise	RISE	$141,304,072	$1.25	113,139,200 *	$5,488,100	-0.36%	-2.96%	5.90%	
125	XBY XTRABYTES	XBY	$140,327,060	$0.326342	430,000,000 *	$1,463,590	3.82%	-14.29%	35.85%	
126	CTR Centra	CTR	$140,145,280	$2.06	68,000,000 *	$5,806,610	-0.33%	-7.34%	-5.49%	
127	XDN DigitalNote	XDN	$138,800,478	$0.020158	6,885,695,758	$8,528,530	0.68%	-5.28%	-19.64%	
128	SNM SONM	SNM	$138,604,584	$0.385441	359,600,000 *	$4,248,190	1.00%	3.37%	1.27%	
129	DATA Streamr DATAcoin	DATA	$136,540,082	$0.201638	677,154,514 *	$7,699,990	-0.23%	1.48%	-5.28%	
130	THC HempCoin	THC	$135,746,913	$0.590185	230,007,393	$9,101,460	-1.99%	3.89%	70.49%	
131	ENJ Enjin Coin	ENJ	$134,156,118	$0.177410	756,192,535 *	$6,092,370	3.02%	-1.53%	14.80%	
132	DCT DECENT	DCT	$133,058,237	$2.59	51,306,089 *	$4,146,330	5.31%	1.40%	84.58%	
133	RLC iExec RLC	RLC	$132,840,514	$1.68	79,070,793 *	$7,398,620	-1.52%	21.80%	45.37%	
134	PPP PayPie	PPP	$131,915,025	$1.60	82,500,000 *	$277,828	-5.10%	-10.17%	-6.83%	
135	EMC Emercoin	EMC	$127,791,053	$3.11	41,119,988	$2,591,480	0.59%	4.81%	16.35%	
136	VOX Voxels	VOX	$127,214,010	$0.605781	210,000,000 *	$17,729,100	1.46%	2.52%	31.09%	
137	LRC Loopring	LRC	$125,766,610	$0.439481	286,170,756 *	$5,654,750	-0.43%	-4.17%	38.40%	
138	AGRS Agoras Tokens	AGRS	$123,079,320	$2.93	42,000,000 *	$430,953	3.34%	-0.06%	7.18%	
139	ITC IoT Chain	ITC	$121,999,881	$3.21	38,049,933 *	$30,973,200	0.58%	4.16%	188.60%	
140	MGO MobileGo	MGO	$121,496,022	$1.24	98,028,887 *	$508,731	0.26%	-12.80%	34.63%	
141	VIA Viacoin	VIA	$119,392,430	$5.20	22,944,816	$2,782,620	0.91%	8.69%	19.42%	
142	ANT Aragon	ANT	$118,877,020	$3.69	32,252,180 *	$1,325,430	-0.15%	-2.35%	-8.48%	
143	QRL Quantum Resis...	QRL	$118,235,520	$2.27	52,000,000 *	$1,730,390	0.56%	-5.74%	21.23%	
144	CND Cindicator	CND	$117,290,825	$0.081115	1,445,976,590 *	$18,439,200	0.09%	-7.90%	55.89%	
145	UNITY SuperNET	UNITY	$116,920,292	$143.27	816,061 *	$11,405	2.98%	-7.23%	32.03%	
146	MOD Modum	MOD	$114,032,781	$6.24	18,266,200 *	$7,057,530	-2.62%	-4.42%	96.35%	
147	GRS Groestlcoin	GRS	$112,960,944	$1.63	69,127,314	$3,530,700	2.73%	7.84%	-20.04%	
148	MED Medibloc	MED	$112,594,745	$0.037957	2,966,384,100 *	$2,391,260	0.60%	-15.93%	-23.94%	
149	TNT Tierion	TNT	$110,477,040	$0.257834	428,481,269 *	$12,499,700	-3.71%	25.91%	73.59%	
150	ACT Achain	ACT	$110,077,200	$0.366924	300,000,000 *	$1,724,250	0.00%	-2.61%	1.19%	
151	SHIFT Shift	SHIFT	$108,367,256	$9.37	11,568,577 *	$3,432,430	2.51%	-17.91%	29.21%	
152	WINGS Wings	WINGS	$108,122,763	$1.21	89,708,333 *	$9,379,880	2.09%	-7.17%	15.38%	
153	PPC Peercoin	PPC	$108,042,243	$4.40	24,545,906	$815,644	0.11%	-2.66%	-7.81%	
154	XAS Asch	XAS	$107,495,017	$1.17	91,559,147	$4,830,040	0.68%	-8.86%	-15.47%	
155	FUEL Etherparty	FUEL	$107,313,381	$0.221198	485,146,253 *	$11,565,100	8.43%	33.87%	112.58%	
156	MOON Mooncoin	MOON	$105,932,089	$0.000475	223,162,446,605	$2,296,850	16.27%	90.12%	269.52%	
157	WABI WaBi	WABI	$104,185,858	$2.30	45,248,033 *	$24,934,500	2.23%	18.34%	15.07%	
158	NEBL Neblio	NEBL	$104,100,095	$8.21	12,683,595 *	$1,845,470	-1.00%	0.26%	17.70%	
159	LBC LBRY Credits	LBC	$103,336,489	$0.810469	127,502,087	$4,910,030	2.94%	6.89%	-0.03%	
160	ETP Metaverse ETP	ETP	$102,820,293	$2.79	36,846,680	$4,092,260	0.57%	-1.12%	-5.14%	
161	DNT district0x	DNT	$102,123,600	$0.170206	600,000,000 *	$10,214,100	8.73%	18.62%	31.91%	
162	INK Ink	INK	$101,468,991	$0.569251	178,250,000 *	$91,666,900	1.70%	-7.74%	-10.34%	
163	CMT CyberMiles	CMT	$100,608,385	$0.236283	425,796,121 *	$11,919,000	0.28%	1.54%	31.30%	
164	VEE BLOCKv	VEE	$100,555,337	$0.074534	1,349,120,359 *	$1,670,820	2.72%	-11.55%	80.76%	
165	BRD Bread	BRD	$98,741,982	$1.65	59,775,880 *	$19,573,100	-0.08%	0.72%	-14.49%	
166	NLG Gulden	NLG	$95,543,451	$0.245272	389,540,800	$746,767	0.06%	-2.64%	27.76%	
167	JINN Jinn	JINN	$95,104,143	$1620.09	58,703 *	$1,620	3.04%	-15.67%	32.66%	
168	CDT CoinDash	CDT	$94,535,135	$0.168617	560,650,080 *	$11,473,700	6.46%	-1.27%	77.48%	
169	WGR Wagerr	WGR	$93,281,139	$0.509733	183,000,000 *	$328,447	1.57%	-5.10%	7.91%	
170	DPY Delphy	DPY	$92,284,348	$3.16	29,250,004 *	$125,355	-1.67%	2.47%	31.04%	
171	PAYX Paypex	PAYX	$89,678,657	$1.31	68,380,258 *	$53,860	-0.26%	49.28%	144.15%	
172	EDO Eidoo	EDO	$89,670,515	$3.96	22,620,193 *	$6,525,330	1.51%	3.60%	-0.59%	
173	BURST Burst	BURST	$87,742,082	$0.048736	1,800,339,818	$3,201,980	0.48%	-2.44%	-27.77%	
174	ATM ATMChain	ATM	$85,200,056	$0.017229	4,945,153,858 *	$70,214	-1.90%	-5.64%	-22.31%	
175	CFI Cofound.it	CFI	$84,943,625	$0.261365	325,000,000 *	$3,158,750	-0.24%	0.80%	-3.36%	
176	XCP Counterparty	XCP	$84,546,880	$32.30	2,617,429 *	$519,350	1.97%	-0.96%	-2.73%	
177	AMB Ambrosus	AMB	$84,248,100	$0.582665	144,590,975 *	$1,888,340	1.52%	1.69%	68.09%	
178	PURA Pura	PURA	$83,229,378	$0.483096	172,283,310	$432,822	-4.03%	-18.10%	-4.64%	
179	AST AirSwap	AST	$82,427,550	$0.549517	150,000,000 *	$9,819,130	-0.60%	5.49%	35.93%	
180	XSPEC Spectrecoin	XSPEC	$82,388,006	$3.96	20,785,264 *	$1,181,400	0.27%	12.56%	165.93%	
181	GUP Matchpool	GUP	$82,074,750	$1.09	75,000,000 *	$18,127,900	-0.15%	24.72%	58.36%	
182	POT PotCoin	POT	$81,630,474	$0.372579	219,095,747 *	$9,237,230	-2.07%	-12.49%	15.38%	
183	SLS SaluS	SLS	$81,282,621	$80.50	1,009,778 *	$5,904,740	-0.63%	3.21%	-18.40%	
184	1ST FirstBlood	1ST	$79,947,110	$0.934416	85,558,371 *	$2,660,820	0.70%	0.75%	-7.22%	
185	HMQ Humaniq	HMQ	$79,188,849	$0.486230	162,862,944 *	$9,461,460	1.23%	0.34%	-18.77%	
186	AEON Aeon	AEON	$78,324,850	$5.35	14,651,140	$698,868	0.27%	-5.68%	40.84%	
187	PAC Paccoin	PAC	$78,199,619	$0.000023	3,384,005,065,495	$3,020,250	1.83%	69.37%	633.52%	
188	MLN Melon	MLN	$76,766,357	$128.07	599,400 *	$1,195,310	-0.07%	-1.30%	-3.50%	
189	AMP Synereo	AMP	$76,170,672	$0.926016	82,256,324 *	$22,601,400	0.35%	-8.49%	34.77%	
190	OST Simple Token	OST	$76,047,495	$0.406021	187,299,413 *	$4,270,250	3.03%	0.50%	60.85%	
191	MER Mercury	MER	$74,856,200	$0.748562	100,000,000 *	$4,528,880	1.30%	9.66%	9.41%	
192	UTK UTRUST	UTK	$73,968,954	$0.426932	173,256,993 *	$5,258,580	3.27%	1.47%	?	
193	UKG Unikoin Gold	UKG	$73,764,983	$0.549707	134,189,637 *	$3,301,090	0.05%	-13.31%	77.48%	
194	PLR Pillar	PLR	$72,610,788	$0.319330	227,384,800 *	$143,881	-1.09%	-1.49%	2.22%	
195	FTC Feathercoin	FTC	$71,024,177	$0.379947	186,931,800	$988,932	-1.50%	-0.98%	-11.31%	
196	XSH SHIELD	XSH	$69,353,667	$0.145610	476,297,416	$1,357,960	0.55%	45.17%	37.01%	
197	DTR Dynamic Tradi...	DTR	$69,226,468	$0.071040	974,466,187 *	$408,322	-3.56%	2.42%	217.75%	
198	SIB SIBCoin	SIB	$68,062,139	$4.23	16,099,589	$428,103	0.26%	-3.55%	-16.16%	
199	VIB Viberate	VIB	$67,992,094	$0.418929	162,299,801 *	$8,549,520	1.62%	0.25%	-14.44%	
200	TRST WeTrust	TRST	$63,486,034	$0.688961	92,147,500 *	$1,768,120	-2.48%	-7.18%	21.31%	
201	BLK BlackCoin	BLK	$62,907,220	$0.821437	76,581,917 *	$2,208,310	-0.14%	-2.14%	15.41%	
202	BITCNY bitCNY	BITCNY	$62,232,475	$0.140538	442,816,000 *	$27,881,600	1.06%	-0.84%	-1.82%	
203	XEL Elastic	XEL	$61,931,554	$0.700935	88,355,631 *	$1,472,480	10.28%	5.46%	-2.48%	
204	COB Cobinhood	COB	$61,096,141	$0.178023	343,192,401 *	$75,165	6.01%	2.40%	-19.19%	
205	ION ION	ION	$60,896,239	$3.25	18,715,019 *	$629,206	-0.19%	-7.18%	6.21%	
206	YOYOW YOYOW	YOYOW	$60,870,170	$0.287889	211,436,247 *	$4,734,410	-1.90%	-1.38%	-7.74%	
207	MTH Monetha	MTH	$60,421,552	$0.278590	216,883,420 *	$4,324,800	-0.11%	-6.67%	34.21%	
208	PEPECASH Pepe Cash	PEPECASH	$60,169,989	$0.085726	701,884,009 *	$371,538	1.93%	-3.50%	-1.51%	
209	LKK Lykke	LKK	$59,659,165	$0.225050	265,092,936 *	$177,910	1.65%	-1.50%	-1.43%	
210	FAIR FairCoin	FAIR	$56,644,515	$1.06	53,193,831 *	$158,838	-0.51%	-0.65%	-3.66%	
211	SPANK SpankChain	SPANK	$55,972,794	$0.186549	300,043,386 *	$292,861	6.02%	8.78%	32.95%	
212	NMC Namecoin	NMC	$55,724,076	$3.78	14,736,400	$273,839	-1.57%	-6.25%	-6.45%	
213	PRG Paragon	PRG	$55,203,745	$0.850117	64,936,644 *	$169,284	0.68%	-0.50%	34.63%	
214	MNX MinexCoin	MNX	$55,172,700	$18.39	3,000,000	$70,973	1.93%	-5.24%	-9.86%	
215	OMNI Omni	OMNI	$54,648,773	$97.52	560,374 *	$1,205,520	1.20%	-2.74%	24.80%	
216	GRC GridCoin	GRC	$53,363,169	$0.136719	390,312,753	$1,293,540	-2.13%	-3.27%	17.16%	
217	LUN Lunyr	LUN	$53,231,375	$23.17	2,297,853 *	$3,240,250	-0.09%	-1.82%	66.69%	
218	NMR Numeraire	NMR	$52,593,595	$40.56	1,296,613 *	$2,575,980	6.93%	24.39%	13.64%	
219	XWC WhiteCoin	XWC	$52,409,338	$0.210814	248,604,635 *	$1,922,520	-0.73%	1.03%	-15.36%	
220	IOC I/O Coin	IOC	$52,099,100	$3.17	16,445,734 *	$165,249	4.81%	-2.00%	-8.69%	
221	NULS Nuls	NULS	$50,437,567	$2.14	23,564,882 *	$5,682,880	3.44%	-4.83%	20.33%	
222	LA LAToken	LA	$49,602,927	$0.637247	77,839,404 *	$3,069,490	4.58%	8.86%	105.17%	
223	BTX Bitcore	BTX	$49,579,981	$22.73	2,181,641	$4,446,860	-0.56%	-19.76%	38.06%	
224	OTN Open Trading ...	OTN	$48,445,457	$9.21	5,260,013 *	$75,017	-1.29%	-9.01%	25.92%	
225	NEOS NeosCoin	NEOS	$47,903,620	$13.17	3,637,412	$1,792,620	-3.68%	-17.67%	47.56%	
226	DMD Diamond	DMD	$47,394,629	$18.34	2,583,518	$210,694	-0.97%	-5.36%	6.76%	
227	DLT Agrello	DLT	$46,775,172	$0.544031	85,978,873 *	$2,603,400	-0.09%	10.78%	19.71%	
228	CRW Crown	CRW	$46,556,365	$2.80	16,601,008	$211,256	2.63%	-3.53%	-9.65%	
229	TAAS TaaS	TAAS	$46,498,106	$5.71	8,146,001 *	$791,524	0.19%	-3.25%	-1.19%	
230	MDA Moeda Loyalty...	MDA	$46,444,697	$2.37	19,628,888 *	$2,967,840	0.28%	7.63%	4.39%	
231	TIX Blocktix	TIX	$45,376,400	$1.13	40,000,000 *	$1,263,330	0.05%	-0.94%	-0.36%	
232	OK OKCash	OK	$44,820,300	$0.609369	73,551,985 *	$7,166,630	-0.14%	9.05%	-7.78%	
233	MUE MonetaryUnit	MUE	$44,671,089	$0.368026	121,380,253	$1,828,470	0.25%	0.23%	-4.92%	
234	EXP Expanse	EXP	$44,111,447	$5.58	7,906,397	$1,871,960	0.30%	2.42%	2.79%	
235	ECA Electra	ECA	$43,795,039	$0.001937	22,604,474,614	$3,576,450	4.19%	25.90%	596.36%	
236	PASC Pascal Coin	PASC	$43,668,639	$2.64	16,555,700	$536,016	1.80%	-7.06%	35.38%	
237	PPY Peerplays	PPY	$43,073,472	$10.93	3,942,038 *	$6,893	-13.87%	-21.88%	23.97%	
238	PTOY Patientory	PTOY	$42,817,250	$0.611675	70,000,000 *	$3,124,080	3.82%	3.98%	5.05%	
239	ADT adToken	ADT	$42,811,560	$0.071353	600,000,000 *	$1,081,200	2.67%	-3.97%	6.62%	
240	NET Nimiq	NET	$42,093,975	$4.01	10,500,000 *	$463,718	0.71%	-8.95%	50.67%	
241	RADS Radium	RADS	$41,861,296	$12.24	3,421,075 *	$1,243,200	0.25%	-9.29%	2.23%	
242	DBET DecentBet	DBET	$41,640,339	$0.477906	87,130,815 *	$207,504	3.28%	-8.67%	179.06%	
243	NLC2 NoLimitCoin	NLC2	$40,992,194	$0.200047	204,912,815 *	$110,606	1.85%	-8.40%	46.39%	
244	GRID Grid+	GRID	$39,909,397	$1.02	39,236,491 *	$197,976	-0.26%	1.12%	8.59%	
245	LMC LoMoCoin	LMC	$39,840,468	$0.178687	222,962,317 *	$2,573,660	0.49%	16.37%	39.74%	
246	GOLOS Golos	GOLOS	$39,710,942	$0.318915	124,518,891	$184,898	0.40%	1.30%	17.29%	
247	MSP Mothership	MSP	$39,342,100	$0.281015	140,000,000 *	$323,629	-0.45%	-6.25%	64.43%	
248	SBD Steem Dollars	SBD	$38,989,605	$8.29	4,702,551 *	$4,411,980	-0.95%	9.44%	-12.95%	
249	NXC Nexium	NXC	$38,780,222	$0.582972	66,521,586 *	$1,063,320	5.30%	16.26%	36.18%	
250	BOT Bodhi	BOT	$38,710,840	$0.967771	40,000,000 *	$14,807,200	-7.48%	-15.75%	-9.91%	
251	PRO Propy	PRO	$37,777,002	$2.27	16,677,704 *	$1,340,800	-1.66%	14.00%	129.51%	
252	ZSC Zeusshield	ZSC	$37,463,866	$0.032488	1,153,170,765 *	$1,962,480	-0.16%	-3.63%	1.21%	
253	PHR Phore	PHR	$36,880,073	$4.58	8,054,211 *	$303,499	0.76%	-2.06%	-16.83%	
254	STX Stox	STX	$36,793,324	$0.864237	42,573,188 *	$1,659,510	-0.02%	-5.26%	36.48%	
255	DAT Datum	DAT	$36,729,733	$0.048581	756,056,065 *	$1,791,920	-0.49%	8.47%	39.23%	
256	COLX ColossusCoinXT	COLX	$36,627,947	$0.009096	4,027,031,669	$1,608,730	0.74%	3.18%	810.26%	
257	SWT Swarm City	SWT	$36,557,331	$4.56	8,008,599 *	$451,264	0.05%	-6.55%	-0.73%	
258	GVT Genesis Vision	GVT	$35,942,678	$9.64	3,726,781 *	$2,350,320	1.30%	14.84%	16.90%	
259	GCR Global Curren...	GCR	$35,902,549	$0.346654	103,568,829 *	$2,521,050	9.67%	31.23%	28.76%	
260	RBY Rubycoin	RBY	$35,661,875	$1.42	25,149,418 *	$149,035	0.37%	-5.02%	11.48%	
261	XRL Rialto	XRL	$35,460,555	$0.417183	85,000,000 *	$151,922	-0.44%	10.21%	62.37%	
262	DTB Databits	DTB	$35,135,128	$1.54	22,747,809 *	$1,663,660	1.29%	33.32%	30.82%	
263	BITB BitBean	BITB	$35,125,507	$0.015318	2,293,102,000 *	$2,590,750	0.24%	2.50%	-22.24%	
264	INCNT Incent	INCNT	$34,969,580	$0.759934	46,016,602 *	$887,083	1.36%	26.36%	67.17%	
265	ONION DeepOnion	ONION	$34,506,244	$7.36	4,689,017	$612,853	1.60%	-1.77%	122.47%	
266	HST Decision Token	HST	$34,281,948	$1.10	31,236,399 *	$313,956	-3.24%	-2.38%	-5.87%	
267	IXT iXledger	IXT	$34,192,088	$0.955651	35,778,844 *	$1,363,640	-7.74%	63.91%	86.56%	
268	MYST Mysterium	MYST	$33,855,658	$1.74	19,429,024 *	$1,264,650	0.67%	-3.37%	-24.39%	
269	HVN Hive	HVN	$33,801,488	$0.090137	375,000,000 *	$189,537	1.56%	2.11%	-1.34%	
270	TKN TokenCard	TKN	$33,504,337	$1.42	23,644,056 *	$224,357	0.19%	2.06%	36.08%	
271	EVX Everex	EVX	$33,164,010	$2.01	16,500,000 *	$2,274,560	0.53%	2.91%	2.79%	
272	QAU Quantum	QAU	$33,055,323	$0.426911	77,429,074 *	$55,265	0.29%	-7.01%	13.52%	
273	VIBE VIBE	VIBE	$32,398,171	$0.187170	173,094,890 *	$105,188	4.48%	6.03%	20.29%	
274	HTML5 HTML5COIN	HTML5	$32,202,635	$0.000792	40,659,020,000	$129,703	20.01%	37.66%	73.43%	
275	ORME Ormeus Coin	ORME	$32,194,442	$1.89	17,029,321 *	$1,083,440	-0.72%	-6.69%	-20.50%	
276	PRE Presearch	PRE	$31,874,200	$0.205640	155,000,000 *	$35,807	-9.95%	-14.74%	-9.16%	
277	WCT Waves Communi...	WCT	$31,183,492	$3.13	9,973,579 *	$43,665	0.06%	-8.77%	-29.33%	
278	AIR AirToken	AIR	$31,161,900	$0.029678	1,050,000,000 *	$215,829	-3.39%	-9.14%	59.09%	
279	PST Primas	PST	$30,811,238	$0.601782	51,200,000 *	$103,115	-0.95%	-0.23%	6.68%	
280	FLO FlorinCoin	FLO	$30,635,349	$0.217242	141,019,460	$1,008,850	0.27%	6.07%	-3.50%	
281	BCPT BlockMason Cr...	BCPT	$30,616,180	$0.677856	45,166,200 *	$11,824,900	8.23%	59.26%	81.00%	
282	FLDC FoldingCoin	FLDC	$30,470,274	$0.055364	550,358,603 *	$1,029,430	1.72%	4.26%	-15.46%	
283	DRT DomRaider	DRT	$30,304,438	$0.051233	591,500,000 *	$13,206	-2.40%	6.20%	37.40%	
284	XNN Xenon	XNN	$30,219,900	$0.100733	300,000,000 *	$47,295	-0.72%	-7.46%	139.40%	
285	CLAM Clams	CLAM	$30,006,513	$10.74	2,794,215 *	$2,025,020	-2.02%	2.89%	7.56%	
286	XMY Myriad	XMY	$29,707,886	$0.019277	1,541,129,250	$1,422,170	0.52%	4.84%	-24.88%	
287	ECC ECC	ECC	$29,700,750	$0.001188	25,000,000,000	$178,629	8.56%	2.31%	61.27%	
288	ALIS ALIS	ALIS	$29,589,165	$0.767779	38,538,648 *	$230,536	-0.58%	-0.87%	44.07%	
289	VRC VeriCoin	VRC	$29,301,178	$0.958809	30,559,974	$1,042,540	-0.26%	-5.97%	-10.39%	
290	HEAT HEAT	HEAT	$29,283,608	$0.936450	31,270,872 *	$24,057	-1.71%	14.76%	2.88%	
291	ZOI Zoin	ZOI	$28,484,561	$1.79	15,910,763	$179,399	14.04%	-4.78%	259.70%	
292	RVT Rivetz	RVT	$28,408,849	$1.08	26,244,468 *	$80,130	-2.68%	-0.49%	33.10%	
293	OAX OAX	OAX	$28,122,401	$1.12	25,009,250 *	$7,692,100	0.12%	-10.51%	51.92%	
294	MUSIC Musicoin	MUSIC	$27,533,735	$0.051418	535,483,040	$1,378,380	2.01%	-1.99%	1.53%	
295	XST Stealthcoin	XST	$27,418,922	$0.988153	27,747,648	$201,426	-3.73%	-3.32%	-4.31%	
296	CREDO Credo	CREDO	$27,216,120	$0.049494	549,891,703 *	$3,437	-0.26%	109.06%	30.12%	
297	SNC SunContract	SNC	$26,869,759	$0.246033	109,212,011 *	$854,852	0.34%	-1.57%	0.56%	
298	FRST FirstCoin	FRST	$26,708,486	$14.28	1,869,936	$202,397	-0.81%	-8.08%	7.62%	
299	NSR NuShares	NSR	$26,417,400	$0.009511	2,777,600,756 *	$42,838	-0.17%	-21.85%	57.79%	
300	DNA EncrypGen	DNA	$26,217,951	$0.586836	44,676,794 *	$185,857	-0.28%	-10.70%	39.71%	
301	POSW PoSW Coin	POSW	$25,660,423	$0.581869	44,100,000 *	$371,321	0.93%	1.14%	43.61%	
302	RMC Russian Miner...	RMC	$25,461,217	$16895.30	1,507 *	$46,089	0.01%	-5.38%	-7.12%	
303	CSNO BitDice	CSNO	$25,306,610	$0.361523	70,000,000 *	$93,429	-4.45%	-15.09%	0.18%	
304	ELIX Elixir	ELIX	$25,298,980	$0.861188	29,376,837 *	$496,811	0.26%	-5.64%	98.05%	
305	BITUSD bitUSD	BITUSD	$25,217,992	$0.961275	26,233,900 *	$3,364,010	1.79%	-0.62%	-1.79%	
306	TGT Target Coin	TGT	$24,996,523	$0.026245	952,429,892 *	$13,004	1.05%	67.16%	88.93%	
307	OBITS OBITS	OBITS	$24,934,471	$1.58	15,752,000 *	$40,827	-2.89%	-0.57%	4.93%	
308	SLR SolarCoin	SLR	$23,976,078	$0.623406	38,459,813 *	$655,692	-2.87%	-6.32%	8.85%	
309	ENRG Energycoin	ENRG	$23,964,175	$0.197212	121,514,793	$199,984	0.78%	2.24%	3.66%	
310	OCT OracleChain	OCT	$23,808,480	$0.793616	30,000,000 *	$59,272	-1.10%	3.48%	-18.74%	
311	AVT Aventus	AVT	$23,546,940	$3.92	6,000,000 *	$1,445,970	-3.79%	1.14%	-11.27%	
312	FLASH Flash	FLASH	$23,435,550	$0.026040	900,000,000 *	$113,467	-2.99%	-24.35%	392.06%	
313	GAM Gambit	GAM	$23,289,548	$19.41	1,199,979 *	$260,978	-0.05%	-5.68%	-5.32%	
314	SOAR Soarcoin	SOAR	$23,224,207	$0.029947	775,499,930 *	$16,809	-0.12%	-3.20%	7.18%	
315	BQ bitqy	BQ	$22,906,187	$0.008442	2,713,459,826 *	$9,691	-6.24%	-18.28%	23.73%	
316	COVAL Circuits of V...	COVAL	$22,836,500	$0.022836	1,000,000,000 *	$428,975	2.38%	1.92%	-23.89%	
317	DOPE DopeCoin	DOPE	$22,779,912	$0.194958	116,845,228 *	$5,785,860	0.59%	-28.03%	60.78%	
318	IOP Internet of P...	IOP	$22,452,425	$6.81	3,295,367	$1,079,180	0.65%	-3.71%	-8.17%	
319	BSD BitSend	BSD	$22,396,877	$1.27	17,699,025	$375,036	1.23%	-1.82%	-11.55%	
320	ECOB Ecobit	ECOB	$22,388,089	$0.050373	444,444,444 *	$560	2.13%	74.58%	46.47%	
321	SEQ Sequence	SEQ	$22,218,301	$0.490787	45,270,761	$229,624	0.48%	2.84%	34.32%	
322	CANN CannabisCoin	CANN	$22,096,921	$0.286114	77,231,176	$18,148,900	1.04%	-29.15%	195.85%	
323	FLIXX Flixxo	FLIXX	$21,874,103	$0.303874	71,984,123 *	$266,086	0.99%	42.20%	191.27%	
324	BCY Bitcrystals	BCY	$21,744,343	$0.937558	23,192,531 *	$586,308	-1.14%	0.70%	2.50%	
325	DICE Etheroll	DICE	$21,518,717	$3.07	7,001,623 *	$18,780	-5.90%	3.81%	12.39%	
326	LEO LEOcoin	LEO	$21,373,053	$0.223330	95,701,666 *	$17,219	1.01%	-2.13%	0.06%	
327	BIS Bismuth	BIS	$21,289,895	$3.17	6,711,503	$145,629	-12.26%	-6.98%	58.05%	
328	XVC Vcash	XVC	$20,760,578	$1.35	15,373,765	$292,011	2.39%	0.01%	6.00%	
329	PINK PinkCoin	PINK	$20,700,657	$0.055198	375,026,849	$312,319	-1.76%	-0.99%	-3.52%	
330	TIPS FedoraCoin	TIPS	$20,548,069	$0.000046	443,168,182,458	$18,944	-2.64%	8.84%	42.37%	
331	SUMO Sumokoin	SUMO	$20,219,452	$7.28	2,775,849	$497,532	-5.26%	-21.96%	262.46%	
332	CAG Change	CAG	$20,099,346	$0.541617	37,109,887 *	$173,266	-1.91%	-10.35%	27.76%	
333	SXC Sexcoin	SXC	$20,096,489	$0.159970	125,626,614	$191,741	1.34%	-31.04%	101.14%	
334	BTM Bitmark	BTM	$20,007,505	$2.63	7,614,220	$404,567	-6.18%	15.30%	19.49%	
335	MEME Memetic / Pep...	MEME	$19,849,466	$1.06	18,795,775	$11,449,000	-9.86%	29.32%	25.09%	
336	BNTY Bounty0x	BNTY	$19,839,115	$0.171122	115,935,500 *	$1,276,310	1.00%	-0.79%	?	
337	PLBT Polybius	PLBT	$19,226,160	$5.03	3,820,954 *	$210,826	-6.20%	-9.59%	-4.77%	
338	SPHR Sphere	SPHR	$18,742,396	$6.08	3,082,940 *	$1,171,000	0.67%	-1.60%	-7.38%	
339	TX TransferCoin	TX	$18,741,837	$2.99	6,269,347 *	$681,055	-1.19%	-2.02%	-21.83%	
340	XAUR Xaurum	XAUR	$18,741,865	$0.147450	127,106,580 *	$112,392	-3.00%	-3.03%	-1.72%	
341	BBR Boolberry	BBR	$18,396,015	$1.72	10,720,038	$4,821	0.01%	-1.06%	10.78%	
342	SPR SpreadCoin	SPR	$17,921,446	$1.92	9,348,548	$11,171,600	-2.37%	62.65%	229.54%	
343	XUC Exchange Union	XUC	$17,821,560	$8.91	2,000,000 *	$773,197	0.01%	-0.83%	-4.76%	
344	PLU Pluton	PLU	$17,662,140	$20.78	850,000 *	$6,647	-0.08%	14.00%	41.17%	
345	ATB ATBCoin	ATB	$17,584,162	$0.439326	40,025,317	$3,227,900	0.26%	-2.94%	-12.49%	
346	ABY ArtByte	ABY	$17,482,024	$0.022058	792,537,250	$390,492	-0.85%	-3.92%	-22.92%	
347	POLL ClearPoll	POLL	$17,438,448	$2.49	6,999,991 *	$243,900	-1.33%	-4.77%	37.25%	
348	DOVU Dovu	DOVU	$17,231,582	$0.270251	63,761,400 *	$81,651	-3.97%	11.78%	133.68%	
349	XPM Primecoin	XPM	$17,169,440	$0.782928	21,929,782	$239,050	-0.41%	-2.70%	-4.24%	
350	KICK KickCoin	KICK	$17,129,810	$0.053341	321,137,782 *	$649,269	1.94%	3.62%	3.10%	
351	CURE Curecoin	CURE	$17,122,958	$0.718581	23,828,849	$172,009	-0.41%	-10.28%	-6.78%	
352	HUSH Hush	HUSH	$17,082,109	$7.62	2,242,500	$570,195	0.27%	6.71%	293.78%	
353	BMC Blackmoon Crypto	BMC	$17,019,602	$0.815016	20,882,538 *	$1,711,580	-0.08%	5.24%	-6.47%	
354	BDL Bitdeal	BDL	$16,851,374	$0.095973	175,583,793	$271,115	0.61%	-7.38%	217.61%	
355	ZNY Bitzeny	ZNY	$16,805,625	$0.222254	75,614,500	$208,934	-0.27%	8.17%	19.29%	
356	HDG Hedge	HDG	$16,733,191	$4.51	3,709,674 *	$374,318	-3.69%	-13.36%	116.45%	
357	MINT Mintcoin	MINT	$16,514,513	$0.000662	24,947,260,808 *	$324,334	19.38%	25.20%	4.02%	
358	UNO Unobtanium	UNO	$16,190,579	$81.77	198,007	$4,116	-0.02%	-3.92%	-3.59%	
359	PIX Lampix	PIX	$16,077,562	$0.128290	125,322,017 *	$46,522	1.96%	10.42%	31.89%	
360	ICOS ICOS	ICOS	$15,962,698	$27.67	576,845 *	$30,607	-0.20%	-10.84%	-17.93%	
361	ODN Obsidian	ODN	$15,778,075	$0.631123	25,000,000 *	$134,105	1.75%	-1.79%	16.35%	
362	IFT InvestFeed	IFT	$15,772,265	$0.082413	191,381,257 *	$102,134	1.00%	-3.14%	33.39%	
363	DFT DraftCoin	DFT	$15,521,354	$6.74	2,302,301 *	$155,464	0.51%	10.09%	948.83%	
364	OXY Oxycoin	OXY	$15,396,148	$0.180731	85,188,197	$19,177	-0.04%	-14.00%	-9.85%	
365	PRL Oyster Pearl	PRL	$15,366,066	$0.482860	31,823,026 *	$1,010,790	-2.90%	-5.30%	-3.81%	
366	COSS COSS	COSS	$15,320,700	$0.239039	64,092,887 *	$377,342	-6.53%	-4.97%	-13.59%	
367	CV2 Colossuscoin V2	CV2	$15,159,797	$0.000660	22,968,866,798 *	$4,698	0.01%	-31.58%	111.60%	
368	UNIT Universal Cur...	UNIT	$15,092,536	$1.20	12,526,174	$114,456	3.94%	-16.58%	13.51%	
369	TIME Chronobank	TIME	$15,033,585	$21.17	710,113 *	$297,161	1.12%	-5.97%	-5.07%	
370	BET DAO.Casino	BET	$14,789,317	$0.088415	167,270,821 *	$13,578	-1.12%	-3.41%	24.34%	
371	TCC The ChampCoin	TCC	$14,738,753	$0.089366	164,925,727 *	$74,796	0.01%	-6.82%	-5.32%	
372	AUR Auroracoin	AUR	$14,660,394	$1.69	8,658,139	$2,373,280	-1.23%	0.23%	22.07%	
373	BLUE BLUE	BLUE	$14,644,213	$0.437014	33,509,711 *	$78,365	-0.92%	-0.59%	-15.37%	
374	PBL Publica	PBL	$14,419,203	$0.775938	18,582,933 *	$439,212	-1.35%	4.25%	100.71%	
375	NYC NewYorkCoin	NYC	$14,400,962	$0.000112	129,032,781,759	$23,195	-1.51%	-11.47%	-19.94%	
376	REC Regalcoin	REC	$14,363,035	$4.04	3,555,242	$407,263	-1.70%	-19.36%	-12.21%	
377	GBX GoByte	GBX	$14,354,350	$36.39	394,491	$472,994	-0.09%	24.15%	82.65%	
378	QWARK Qwark	QWARK	$14,303,797	$0.320947	44,567,474 *	$360,590	-1.41%	-6.25%	18.37%	
379	VOISE Voise	VOISE	$13,945,066	$0.021687	643,012,000 *	$1,500,820	1.98%	37.29%	118.00%	
380	PTC Pesetacoin	PTC	$13,874,431	$0.105014	132,119,824	$261,463	1.28%	1.68%	11.59%	
381	XBC Bitcoin Plus	XBC	$13,305,504	$127.48	104,372 *	$237,339	0.35%	0.70%	0.59%	
382	ATMS Atmos	ATMS	$13,304,248	$0.132581	100,348,073 *	$58,798	0.03%	-1.21%	-4.23%	
383	BWK Bulwark	BWK	$13,251,722	$8.53	1,554,049	$689,703	-4.29%	10.91%	49.96%	
384	KORE Kore	KORE	$13,054,364	$6.45	2,022,465 *	$725,789	0.89%	0.99%	-15.51%	
385	TFL TrueFlip	TFL	$13,003,686	$2.08	6,247,267 *	$659,377	-8.01%	17.54%	36.43%	
386	NVST NVO	NVST	$12,985,110	$0.865674	15,000,000 *	$1,847	1.14%	-16.61%	-23.97%	
387	GLD GoldCoin	GLD	$12,912,441	$0.317015	40,731,324	$1,218,290	-1.64%	18.15%	21.47%	
388	BLITZ Blitzcash	BLITZ	$12,798,146	$3.11	4,116,218 *	$230,682	-0.72%	-7.10%	-29.48%	
389	MYB MyBit Token	MYB	$12,717,321	$4.54	2,799,476 *	$66,493	-6.48%	-9.78%	44.55%	
390	DIVX Divi	DIVX	$12,695,255	$2.47	5,143,007 *	$67,092	5.33%	27.87%	68.93%	
391	SNOV Snovio	SNOV	$12,692,702	$0.031340	405,002,639 *	$96,040	1.70%	4.08%	102.29%	
392	ART Maecenas	ART	$12,659,867	$0.419894	30,150,150 *	$28,246	2.99%	-8.44%	-8.30%	
393	DIME Dimecoin	DIME	$12,520,576	$0.000023	539,096,740,560	$112,008	-0.15%	-29.21%	-44.16%	
394	NTRN Neutron	NTRN	$12,371,782	$0.374163	33,065,220 *	$21,147	1.17%	-10.92%	22.20%	
395	DBIX DubaiCoin	DBIX	$12,348,779	$6.91	1,785,873	$174,642	2.67%	1.39%	23.69%	
396	RIC Riecoin	RIC	$12,202,124	$0.302758	40,303,225	$1,545,970	5.71%	20.88%	22.91%	
397	HWC HollyWoodCoin	HWC	$12,186,084	$14.37	847,757	$618,844	-0.90%	6.15%	-15.56%	
398	WILD Wild Crypto	WILD	$12,126,891	$0.497545	24,373,456 *	$32,587	18.13%	60.85%	39.38%	
399	ALQO ALQO	ALQO	$12,126,015	$0.713732	16,989,591	$221,186	-9.98%	-14.05%	127.04%	
400	ITNS IntenseCoin	ITNS	$12,055,663	$0.037994	317,306,906	$67,305	-0.64%	5.63%	125.30%	
401	ASTRO Astro	ASTRO	$12,001,809	$3.62	3,313,833 *	$39,584	-0.40%	-0.87%	-6.77%	
402	CAT BlockCAT	CAT	$11,956,958	$1.62	7,360,121 *	$260,846	-3.86%	-10.70%	-0.90%	
403	BELA Bela	BELA	$11,910,736	$0.303334	39,266,075	$326,949	0.71%	-1.42%	-2.12%	
404	BPL Blockpool	BPL	$11,793,044	$0.528981	22,293,890	$20,870	-0.02%	12.48%	16.99%	
405	EXCL ExclusiveCoin	EXCL	$11,730,901	$2.67	4,396,906	$525,924	-1.15%	-3.66%	-26.43%	
406	SYNX Syndicate	SYNX	$11,682,493	$0.689903	16,933,530 *	$1,544,760	-4.47%	-0.45%	-22.70%	
407	CRB Creditbit	CRB	$11,680,682	$0.707413	16,511,828 *	$194,149	0.13%	-6.85%	34.25%	
408	PKT Playkey	PKT	$11,640,989	$0.860951	13,521,081 *	$25,036	3.06%	-5.49%	-19.60%	
409	SNRG Synergy	SNRG	$11,627,698	$3.51	3,310,113 *	$152,932	0.79%	-3.68%	32.01%	
410	NVC Novacoin	NVC	$11,593,038	$5.97	1,942,383	$71,332	-0.68%	-1.23%	-8.69%	
411	B2B B2B	B2B	$11,323,165	$0.691777	16,368,230 *	$2,159	1.45%	0.07%	-13.32%	
412	2GIVE 2GIVE	2GIVE	$11,241,954	$0.021649	519,294,816	$195,491	1.18%	1.76%	-4.74%	
413	SEND Social Send	SEND	$11,228,201	$0.357737	31,386,747 *	$528,443	3.69%	13.91%	479.70%	
414	LINDA Linda	LINDA	$11,101,542	$0.001849	6,003,429,666	$1,816,070	-3.70%	54.21%	299.78%	
415	ESP Espers	ESP	$11,006,712	$0.000528	20,858,213,384	$34,893	26.24%	-2.91%	14.05%	
416	ETT EncryptoTel [...	ETT	$10,865,440	$0.174879	62,131,190 *	$2,711	-15.22%	-34.61%	15.33%	
417	CVCOIN CVCoin	CVCOIN	$10,855,068	$1.10	9,837,033 *	$4,966	21.80%	29.23%	17.80%	
418	CRED Verify	CRED	$10,827,539	$0.911082	11,884,264 *	$173,210	4.22%	14.94%	143.48%	
419	ARN Aeron	ARN	$10,748,052	$0.895671	12,000,000 *	$2,118,130	-4.64%	5.05%	-1.29%	
420	ZEPH Zephyr	ZEPH	$10,708,276	$0.084993	125,990,535 *	$29,675	1.89%	8.39%	-4.65%	
421	PZM PRIZM	PZM	$10,693,901	$0.842623	12,691,205 *	$9,131	6.62%	-7.30%	19.80%	
422	FRD Farad	FRD	$10,664,545	$0.080956	131,733,256 *	$9,330	4.91%	14.46%	17.25%	
423	APX APX	APX	$10,659,350	$15.16	703,179 *	$80,547	0.61%	-4.42%	4.47%	
424	TZC TrezarCoin	TZC	$10,647,654	$0.125273	84,995,600	$49,810	0.40%	-4.79%	89.63%	
425	EAC EarthCoin	EAC	$10,454,512	$0.000901	11,608,140,951	$178,242	8.43%	-3.85%	-18.27%	
426	ERO Eroscoin	ERO	$10,282,841	$0.089616	114,744,000 *	$399,118	-1.15%	3.36%	-19.31%	
427	UFO UFO Coin	UFO	$10,248,283	$0.002904	3,528,950,012	$21,774	2.61%	-22.06%	149.07%	
428	PDC Project Decorum	PDC	$10,223,600	$0.204472	50,000,000 *	$119,216	-1.66%	1.29%	-4.74%	
429	LOC LockChain	LOC	$10,156,551	$0.723230	14,043,321 *	$47,238	3.46%	8.76%	4.67%	
430	EDR E-Dinar Coin	EDR	$10,156,344	$0.011460	886,211,988	$280,021	-7.44%	-5.10%	1.44%	
431	XLR Solaris	XLR	$10,076,704	$11.51	875,231	$115,216	-0.86%	-4.64%	-6.81%	
432	TRUST TrustPlus	TRUST	$10,055,137	$0.313375	32,086,595 *	$924,255	3.04%	29.42%	24.19%	
433	SSS Sharechain	SSS	$9,871,540	$0.005660	1,744,023,561 *	$38,732	5.51%	-7.01%	-8.90%	
434	ERC EuropeCoin	ERC	$9,840,032	$0.986590	9,973,780	$145,812	0.65%	0.18%	23.86%	
435	ZRC ZrCoin	ZRC	$9,794,835	$2.57	3,807,146 *	$109,080	-2.75%	4.99%	73.29%	
436	PURE Pure	PURE	$9,772,919	$3.29	2,973,321	$103,521	0.08%	30.39%	255.91%	
437	PIRL Pirl	PIRL	$9,653,170	$1.40	6,904,344	$122,932	-1.73%	-8.90%	44.52%	
438	ZEIT Zeitcoin	ZEIT	$9,647,071	$0.000261	36,971,166,187	$136,225	8.99%	68.52%	387.30%	
439	VRM VeriumReserve	VRM	$9,643,745	$6.72	1,435,043	$193,455	-1.58%	-3.68%	-0.09%	
440	DYN Dynamic	DYN	$9,603,881	$5.09	1,887,926 *	$1,016,250	-1.47%	-6.69%	1.05%	
441	INXT Internxt	INXT	$9,579,761	$15.22	629,610 *	$12,145	0.21%	-2.79%	49.98%	
442	REAL REAL	REAL	$9,307,644	$0.925598	10,055,817 *	$51,782	20.00%	65.49%	129.78%	
443	BTCZ BitcoinZ	BTCZ	$9,228,880	$0.011321	815,200,103	$338,766	11.30%	58.23%	272.03%	
444	BRK Breakout	BRK	$9,222,056	$0.508324	18,142,083	$185,862	2.53%	3.03%	1.63%	
445	BRX Breakout Stake	BRX	$9,204,303	$1.47	6,268,082 *	$35,464	0.12%	-1.41%	8.17%	
446	MTNC Masternodecoin	MTNC	$9,131,369	$0.191536	47,674,426 *	$2,533	0.15%	-11.14%	-15.00%	
447	START Startcoin	START	$9,055,131	$0.200869	45,079,785	$617,410	-0.33%	-4.14%	-9.53%	
448	BTDX Bitcloud	BTDX	$8,948,358	$0.528470	16,932,575	$15,194	5.43%	0.22%	36.52%	
449	SPRTS Sprouts	SPRTS	$8,886,450	$0.000005	1,744,661,356,739 *	$155,620	6.42%	50.46%	200.45%	
450	XMG Magi	XMG	$8,884,982	$1.15	7,736,768	$875,159	-0.03%	-8.45%	63.85%	
451	1337 1337	1337	$8,865,145	$0.000364	24,348,574,106 *	$51,989	8.57%	18.24%	109.31%	
452	HYP HyperStake	HYP	$8,826,865	$0.008056	1,095,745,395 *	$154,525	-4.52%	-6.13%	25.35%	
453	WISH MyWish	WISH	$8,779,357	$0.491194	17,873,502 *	$143,916	-9.61%	-8.35%	53.46%	
454	HGT HelloGold	HGT	$8,771,943	$0.033349	263,034,654 *	$92,998	-0.09%	4.07%	-23.96%	
455	GEO GeoCoin	GEO	$8,618,940	$2.56	3,365,183	$152,212	-0.47%	-0.01%	7.32%	
456	DNR Denarius	DNR	$8,526,661	$4.09	2,085,676	$584,541	4.83%	110.86%	285.70%	
457	IND Indorse Token	IND	$8,253,669	$0.177467	46,508,192 *	$301,539	-0.22%	-2.75%	41.88%	
458	KRB Karbo	KRB	$8,153,176	$1.61	5,056,861	$117,403	3.29%	0.49%	43.37%	
459	GMT Mercury Protocol	GMT	$8,130,108	$0.048161	168,809,625 *	$48,417	-0.26%	-14.88%	60.44%	
460	FYP FlypMe	FYP	$7,877,770	$0.446619	17,638,681 *	$4,353	3.39%	-1.51%	10.13%	
461	XMCC Monoeci	XMCC	$7,853,837	$2.80	2,806,265	$187,478	-4.53%	15.66%	259.37%	
462	SPF SportyFi	SPF	$7,626,847	$0.156371	48,774,050 *	$512,989	-6.80%	-9.49%	-2.88%	
463	CRAVE Crave	CRAVE	$7,577,859	$5.14	1,472,876 *	$19,274	10.85%	-9.11%	55.58%	
464	YOC Yocoin	YOC	$7,492,185	$0.068546	109,301,400	$41,980	-1.77%	16.94%	18.22%	
465	MXT MarteXcoin	MXT	$7,459,059	$2.62	2,841,828	$4,810	5.28%	-9.47%	-28.31%	
466	SWIFT Bitswift	SWIFT	$7,442,154	$1.83	4,069,197 *	$153,836	0.01%	-5.69%	-16.19%	
467	CFT CryptoForecast	CFT	$7,361,426	$0.160031	46,000,000 *	$82,572	-1.59%	20.87%	1014.58%	
468	ZER Zero	ZER	$7,351,809	$3.69	1,991,680	$346,052	1.57%	-21.86%	364.32%	
469	BON Bonpay	BON	$7,321,568	$0.648483	11,290,301 *	$2,773	-0.32%	-9.36%	-13.12%	
470	TOA ToaCoin	TOA	$7,305,422	$0.005488	1,331,155,614	$52,342	0.15%	-16.62%	-14.33%	
471	INN Innova	INN	$7,286,841	$5.82	1,251,776	$157,431	-0.28%	-4.63%	44.03%	
472	EGC EverGreenCoin	EGC	$7,279,105	$0.546426	13,321,301	$95,690	-0.15%	-6.75%	-3.87%	
473	NOTE DNotes	NOTE	$7,187,781	$0.055107	130,433,647	$15,946	17.97%	5.70%	46.19%	
474	LIFE LIFE	LIFE	$7,173,230	$0.000920	7,795,243,298 *	$145,303	2.76%	21.81%	-0.85%	
475	VTR vTorrent	VTR	$7,138,700	$0.660015	10,815,966	$262,147	0.17%	6.30%	26.16%	
476	CREA Creativecoin	CREA	$6,867,476	$0.525967	13,056,857	$8,800	-0.03%	-12.71%	-23.45%	
477	LUX LUXCoin	LUX	$6,850,467	$9.11	751,841	$677,999	1.63%	-12.83%	57.30%	
478	PBT Primalbase Token	PBT	$6,761,440	$6761.44	1,000 *	$1,134,140	0.01%	-6.36%	-9.89%	
479	HUC HunterCoin	HUC	$6,705,926	$0.323671	20,718,340	$119,631	-0.19%	1.30%	-4.12%	
480	PGL Prospectors Gold	PGL	$6,692,133	$0.103754	64,500,000 *	$585	0.01%	-12.48%	-70.25%	
481	TKS Tokes	TKS	$6,622,075	$5.84	1,133,007 *	$583,561	1.23%	-19.91%	24.89%	
482	CHC ChainCoin	CHC	$6,610,927	$0.460248	14,363,837	$66,981	10.62%	13.12%	6.05%	
483	WDC WorldCoin	WDC	$6,603,070	$0.056118	117,664,664	$83,794	0.80%	36.90%	62.02%	
484	CHIPS CHIPS	CHIPS	$6,582,099	$0.323275	20,360,681	$6,750	0.13%	-17.55%	-2.86%	
485	PRIX Privatix	PRIX	$6,573,977	$5.56	1,182,668 *	$89,027	-9.52%	3.81%	166.02%	
486	RUP Rupee	RUP	$6,517,450	$0.286912	22,715,850	$49,937	0.48%	-3.12%	67.07%	
487	EFYT Ergo	EFYT	$6,344,007	$15.97	397,300 *	$1,901	-0.03%	-4.59%	65.10%	
488	DRP DCORP	DRP	$6,297,385	$0.778031	8,094,002 *	$24,733	0.79%	2.40%	-9.86%	
489	EBTC eBitcoin	EBTC	$6,253,437	$0.330920	18,897,126 *	$75,736	0.41%	-4.56%	-12.14%	
490	EFL e-Gulden	EFL	$6,243,328	$0.390248	15,998,360	$409,272	0.31%	9.05%	21.36%	
491	HBT Hubii Network	HBT	$6,210,993	$0.474204	13,097,723 *	$43,991	-0.26%	21.09%	175.79%	
492	PKB ParkByte	PKB	$6,119,487	$1.28	4,764,026 *	$204,780	-0.41%	-3.49%	-10.18%	
493	PUT PutinCoin	PUT	$6,098,763	$0.019288	316,191,398	$6,555	-0.05%	-11.23%	2.21%	
494	PING CryptoPing	PING	$5,971,572	$0.600032	9,952,089 *	$1,964	0.04%	5.64%	-12.86%	
495	BLU BlueCoin	BLU	$5,934,471	$0.010327	574,683,675	$3,405	0.17%	-7.48%	-16.44%	
496	MCAP MCAP	MCAP	$5,835,765	$0.556317	10,490,000 *	$120,999	-1.04%	-5.51%	-24.88%	
497	UNB UnbreakableCoin	UNB	$5,803,952	$2.55	2,278,150	$3,995,580	1.58%	-3.31%	-12.91%	
498	AC AsiaCoin	AC	$5,726,275	$0.004696	1,219,412,386	$920	-1.06%	-6.15%	-6.86%	
499	VSL vSlice	VSL	$5,694,749	$0.170550	33,390,496 *	$15,853	-6.59%	-14.56%	-1.37%	
500	ADST AdShares	ADST	$5,652,890	$0.417206	13,549,397 *	$12,552	0.29%	10.52%	9.48%	
501	GCC TheGCCcoin	GCC	$5,647,960	$0.010956	515,503,506 *	$616	0.01%	-4.54%	6.33%	
502	ANC Anoncoin	ANC	$5,579,720	$2.64	2,110,317	$1,127	0.01%	-5.60%	22.34%	
503	NDC NEVERDIE	NDC	$5,499,114	$0.134111	41,004,200 *	$26,623	18.49%	87.49%	87.37%	
504	MAG Magnet	MAG	$5,497,027	$0.687207	7,999,085	$121,748	-2.28%	7.76%	112.13%	
505	GOOD Goodomy	GOOD	$5,387,856	$0.012208	441,349,000 *	$9,657	-6.29%	-21.54%	341.65%	
506	XIOS Xios	XIOS	$5,350,725	$2.49	2,149,688	$117,159	0.68%	11.71%	294.60%	
507	NUKO Nekonium	NUKO	$5,302,992	$0.593881	8,929,384	$75,615	7.56%	25.74%	155.40%	
508	MBRS Embers	MBRS	$5,231,300	$0.104626	50,000,000 *	$11,188	0.17%	-4.14%	125.59%	
509	TRC Terracoin	TRC	$5,149,069	$0.234364	21,970,393	$19,112	0.67%	-8.93%	20.12%	
510	EQT EquiTrader	EQT	$4,990,764	$0.500410	9,973,350	$90,322	-3.58%	-7.90%	36.99%	
511	FOR FORCE	FOR	$4,975,016	$0.047393	104,973,863 *	$92,280	8.43%	-2.22%	209.86%	
512	QRK Quark	QRK	$4,806,306	$0.018943	253,725,973	$32,094	3.13%	-1.03%	21.67%	
513	IXC Ixcoin	IXC	$4,787,309	$0.227977	20,999,088 *	$2,150	0.29%	12.95%	6.16%	
514	SCL Social	SCL	$4,638,023	$0.277493	16,714,020 *	$29,453	-8.66%	-16.45%	-4.74%	
515	CRC CrowdCoin	CRC	$4,623,325	$8.20	564,149	$226,197	-0.35%	-8.86%	10.59%	
516	OCL Oceanlab	OCL	$4,612,763	$0.099199	46,500,000 *	$34,478	0.93%	1.36%	-17.99%	
517	UFR Upfiring	UFR	$4,561,085	$0.316742	14,400,000 *	$135,189	-7.13%	-24.82%	170.30%	
518	SMART SmartBillions	SMART	$4,552,123	$0.674260	6,751,287 *	$597	24.53%	25.08%	9.42%	
519	DAR Darcrus	DAR	$4,552,077	$0.334702	13,600,388 *	$31,145	-0.04%	-35.58%	-19.99%	
520	KLN Kolion	KLN	$4,397,400	$7.33	600,000	$701,438	0.01%	-0.63%	-11.83%	
521	DOT Dotcoin	DOT	$4,346,464	$0.015859	274,065,750 *	$358,899	2.10%	-14.22%	21.36%	
522	ATS Authorship	ATS	$4,329,856	$0.054123	80,000,000 *	$61,185	21.20%	41.01%	170.90%	
523	VIVO VIVO	VIVO	$4,239,759	$4.37	969,682	$66,651	0.10%	-10.78%	-20.75%	
524	STA Starta	STA	$4,206,507	$0.808941	5,200,017 *	$2,109	0.18%	-13.00%	-4.99%	
525	STU bitJob	STU	$4,104,043	$0.085780	47,843,991 *	$51,040	-4.41%	1.11%	169.24%	
526	NIO Autonio	NIO	$4,078,092	$0.061951	65,828,135 *	$49,561	-4.33%	4.43%	-16.81%	
527	XCN Cryptonite	XCN	$3,999,910	$0.010518	380,306,370	$73,906	2.04%	9.18%	-21.92%	
528	PFR Payfair	PFR	$3,995,295	$0.052521	76,070,288 *	$108,394	3.98%	40.84%	160.53%	
529	ELLA Ellaism	ELLA	$3,904,844	$1.12	3,476,535	$99,869	-4.19%	-7.19%	67.30%	
530	EBST eBoost	EBST	$3,891,972	$0.324331	12,000,000 *	$484,419	1.50%	-2.90%	14.90%	
531	VSX Vsync	VSX	$3,853,817	$0.038941	98,964,274	$28,276	-3.88%	6.60%	46.95%	
532	OPT Opus	OPT	$3,810,737	$0.027204	140,080,549 *	$57,460	-47.40%	-52.44%	19.67%	
533	BYC Bytecent	BYC	$3,698,273	$1.91	1,932,575	$85,614	0.78%	7.14%	57.06%	
534	RNS Renos	RNS	$3,679,709	$0.110316	33,356,077 *	$34,636	-0.05%	9.18%	142.90%	
535	GRE Greencoin	GRE	$3,637,750	$0.000991	3,669,320,641 *	$4,531	9.88%	-30.69%	89.63%	
536	ONG onG.social	ONG	$3,622,651	$0.287486	12,601,140 *	$7,307	-1.23%	85.12%	31.78%	
537	ADC AudioCoin	ADC	$3,582,993	$0.004273	838,474,113	$7,820	-5.28%	-5.06%	2.26%	
538	ICOO ICO OpenLedger	ICOO	$3,576,807	$7.68	465,952 *	$4,708	1.53%	9.37%	18.85%	
539	GIM Gimli	GIM	$3,556,536	$0.044457	80,000,000 *	$10,403	-7.22%	5.60%	56.83%	
540	PND Pandacoin	PND	$3,515,675	$0.000108	32,514,916,898	$7,624	3.95%	-6.60%	0.83%	
541	DP DigitalPrice	DP	$3,453,765	$0.193965	17,806,124 *	$63,407	1.35%	5.08%	167.59%	
542	DAI Dai	DAI	$3,424,755	$0.994137	3,444,953 *	$239,054	-0.21%	-0.26%	?	
543	MEC Megacoin	MEC	$3,410,947	$0.093317	36,552,137	$24,355	-0.68%	-2.44%	-8.67%	
544	HAT Hawala.Today	HAT	$3,345,496	$9.90	337,793 *	$92,632	-0.20%	6.07%	87.83%	
545	LINX Linx	LINX	$3,316,185	$0.232173	14,283,250	$56,074	-3.88%	5.10%	23.69%	
546	BUZZ BuzzCoin	BUZZ	$3,303,514	$0.000474	6,975,679,269	$114,515	-8.65%	12.21%	37.59%	
547	LGD Legends Room	LGD	$3,302,020	$1.65	2,000,000 *	$1,070,570	1.04%	-11.12%	-18.96%	
548	CCT Crystal Clear	CCT	$3,286,730	$0.743083	4,423,099 *	$388,350	-6.43%	-32.46%	-47.51%	
549	CTX CarTaxi Token	CTX	$3,268,399	$0.053939	60,594,811 *	$13,105	2.45%	-12.00%	26.43%	
550	SAGA SagaCoin	SAGA	$3,255,661	$14.68	221,789	$1,617,720	5.25%	5.08%	941.87%	
551	UNIFY Unify	UNIFY	$3,244,100	$0.182174	17,807,702 *	$90,822	-4.10%	25.35%	76.84%	
552	XCPO Copico	XCPO	$3,217,895	$0.204354	15,746,668 *	$229,193	-2.13%	3.61%	172.99%	
553	RC RussiaCoin	RC	$3,206,044	$0.382680	8,377,873	$546	0.01%	-8.23%	70.26%	
554	FYN FundYourselfNow	FYN	$3,199,400	$3.76	850,000 *	$11,622	-2.56%	-5.47%	16.06%	
555	ATL ATLANT	ATL	$3,177,471	$0.240262	13,225,026 *	$9,107	-16.30%	-19.55%	16.44%	
556	WGO WavesGo	WGO	$3,176,675	$0.329883	9,629,701 *	$17,889	9.66%	5.69%	19.46%	
557	XFT Footy Cash	XFT	$3,151,617	$0.690545	4,563,956	$12,091	-1.25%	-17.42%	35.40%	
558	RAIN Condensate	RAIN	$3,151,493	$0.032870	95,878,351	$30,132	0.38%	-6.55%	11.45%	
559	QVT Qvolta	QVT	$3,138,938	$0.466304	6,731,528 *	$36,109	0.00%	2.70%	0.72%	
560	MRT Miners' Rewar...	MRT	$3,048,390	$0.304839	10,000,000 *	$39,778	-1.69%	-14.17%	86.28%	
561	NKA IncaKoin	NKA	$2,993,488	$0.000255	11,758,811,759	$5,995	16.25%	16.53%	96.67%	
562	AHT Bowhead	AHT	$2,865,480	$0.358185	8,000,000 *	$11,801	0.01%	19.19%	120.67%	
563	HOLD Interstellar ...	HOLD	$2,836,710	$0.031046	91,372,655	$28,409	1.07%	0.88%	36.27%	
564	ETBS Ethbits	ETBS	$2,814,490	$2.02	1,391,604 *	$14,660	-13.79%	-11.88%	89.66%	
565	ELTCOIN ELTCOIN	ELTCOIN	$2,810,583	$0.031229	90,000,000 *	$187,625	-4.41%	-2.75%	58.05%	
566	ARC ArcticCoin	ARC	$2,769,685	$0.112538	24,611,110	$29,482	1.72%	-1.30%	5.24%	
567	GCN GCoin	GCN	$2,760,944	$0.000019	149,236,160,000	$12,460	6.41%	15.80%	42.51%	
568	INFX Influxcoin	INFX	$2,695,185	$1.61	1,673,383	$181,556	0.80%	9.68%	13.27%	
569	FST Fastcoin	FST	$2,689,402	$0.017139	156,913,424	$17,918	0.14%	-6.22%	-41.00%	
570	ERC20 ERC20	ERC20	$2,631,125	$0.001671	1,574,741,156 *	$19,650	6.29%	23.89%	-2.71%	
571	BASH LuckChain	BASH	$2,613,263	$0.003650	715,868,299	$5,614	0.01%	1.65%	-10.03%	
572	INSN InsaneCoin	INSN	$2,602,436	$0.141579	18,381,508	$8,815	-3.51%	-2.85%	135.10%	
573	FLIK FLiK	FLIK	$2,584,885	$0.042993	60,123,682 *	$29,634	-7.41%	-28.30%	3.59%	
574	ALT Altcoin	ALT	$2,558,375	$20.94	122,175 *	$2,525	0.42%	-22.76%	7.76%	
575	PHO Photon	PHO	$2,548,023	$0.000122	20,866,453,346	$86,740	-3.04%	-29.21%	-26.79%	
576	PIPL PiplCoin	PIPL	$2,505,180	$0.030022	83,444,258 *	$5,848	-1.70%	32.92%	29.82%	
577	FLT FlutterCoin	FLT	$2,459,364	$0.007633	322,214,524	$38,332	0.97%	-8.68%	190.46%	
578	BTCRED Bitcoin Red	BTCRED	$2,435,265	$0.134360	18,124,926 *	$113,606	-2.00%	-19.22%	-2.14%	
579	CBX Crypto Bullion	CBX	$2,392,299	$2.38	1,006,898	$1,905	-0.07%	-12.91%	24.63%	
580	GB GoldBlocks	GB	$2,387,193	$0.155985	15,303,993	$18,738	14.70%	-13.80%	3.63%	
581	ONX Onix	ONX	$2,335,682	$0.085142	27,432,814	$36,206	5.47%	53.10%	-4.29%	
582	MOIN Moin	MOIN	$2,316,609	$0.315597	7,340,404 *	$54,458	6.62%	35.54%	202.87%	
583	BRO Bitradio	BRO	$2,293,344	$0.383130	5,985,813 *	$6,447	-0.34%	16.54%	120.98%	
584	UIS Unitus	UIS	$2,291,113	$0.048970	46,785,866	$6,658	-5.85%	-2.58%	-16.35%	
585	STRC StarCredits	STRC	$2,285,104	$0.507801	4,500,000 *	$515	0.01%	-7.03%	50.00%	
586	FJC FujiCoin	FJC	$2,284,282	$0.001834	1,245,702,382	$32,245	0.49%	14.66%	-20.57%	
587	FCN Fantomcoin	FCN	$2,206,229	$0.356408	6,190,179	$1,363	-1.81%	-4.42%	-16.97%	
588	V Version	V	$2,189,931	$0.004631	472,926,980	$11,106	0.18%	4.16%	94.42%	
589	RKC Royal Kingdom...	RKC	$2,158,745	$0.799535	2,700,000 *	$11,920	-6.03%	20.11%	35.89%	
590	TES TeslaCoin	TES	$2,157,040	$0.029261	73,716,476	$12,031	-5.31%	-22.13%	132.16%	
591	CNT Centurion	CNT	$2,108,615	$0.028542	73,877,869	$1,978	17.76%	19.58%	-45.85%	
592	BITS Bitstar	BITS	$2,098,712	$0.090933	23,079,737	$1,775	4.87%	7.36%	419.60%	
593	42 42-coin	42	$2,085,005	$49643.00	41.999973	$4,441	-0.42%	1.94%	-2.73%	
594	DCY Dinastycoin	DCY	$2,081,074	$0.001465	1,420,858,063	$4,937	2.24%	2.89%	19.90%	
595	CARBON Carboncoin	CARBON	$2,068,810	$0.000134	15,392,012,348	$7,715	-4.45%	-51.53%	-3.60%	
596	XGOX XGOX	XGOX	$2,055,654	$0.002279	901,879,658	$28,412	-1.26%	-6.20%	-7.41%	
597	GRWI Growers Inter...	GRWI	$2,012,266	$1.72	1,172,991 *	$111,783	-1.73%	-29.11%	46.00%	
598	DGPT DigiPulse	DGPT	$2,006,030	$1.43	1,402,641 *	$8,831	-18.16%	-9.93%	-28.79%	
599	LDOGE LiteDoge	LDOGE	$1,983,944	$0.000133	14,914,744,517 *	$21,953	4.78%	3.53%	2.94%	
600	PROC ProCurrency	PROC	$1,979,366	$0.020548	96,330,784 *	$13,391	6.94%	1.45%	10.42%	
601	SIGT Signatum	SIGT	$1,973,159	$0.018275	107,972,766 *	$4,655	5.87%	-2.26%	79.12%	
602	BRIT BritCoin	BRIT	$1,965,355	$0.092409	21,268,092	$7,711	0.01%	-5.77%	-3.49%	
603	MZC MazaCoin	MZC	$1,949,121	$0.001444	1,349,573,390	$4,124	5.11%	9.18%	3.63%	
604	ACC Accelerator N...	ACC	$1,946,637	$8.19	237,771 *	$12,990	-4.27%	81.26%	126.82%	
605	CPC Capricoin	CPC	$1,943,973	$0.976849	1,990,045 *	$547,917	-2.94%	-6.17%	37.19%	
606	KLC KiloCoin	KLC	$1,940,378	$0.009885	196,297,971	$3,219	-0.36%	-22.15%	238.53%	
607	BUN BunnyCoin	BUN	$1,930,628	$0.000019	102,390,711,462	$24,178	9.58%	39.05%	15.44%	
608	VISIO Visio	VISIO	$1,897,855	$0.037297	50,885,597 *	$803	-13.39%	-4.42%	-8.92%	
609	KURT Kurrent	KURT	$1,893,160	$0.030851	61,364,813	$24,520	-1.33%	-13.54%	65.67%	
610	ELE Elementrem	ELE	$1,877,516	$0.072602	25,860,529	$1,451	5.71%	6.23%	0.73%	
611	NOBL NobleCoin	NOBL	$1,871,346	$0.000807	2,318,734,208	$4,491	-12.29%	-13.74%	-11.94%	
612	KEK KekCoin	KEK	$1,838,782	$0.175565	10,473,511 *	$5,613	-0.11%	7.36%	35.28%	
613	SMC SmartCoin	SMC	$1,825,456	$0.076941	23,725,455	$1,832	6.58%	-3.21%	149.85%	
614	UTC UltraCoin	UTC	$1,779,877	$0.039687	44,847,967	$7,793	-0.01%	20.27%	102.72%	
615	EPY Emphy	EPY	$1,754,142	$0.229693	7,636,898 *	$10,305	-0.26%	1.93%	85.62%	
616	CDN Canada eCoin	CDN	$1,752,223	$0.017987	97,415,544	$8,391	3.73%	-5.60%	-1.97%	
617	ZENI Zennies	ZENI	$1,723,780	$0.001722	1,000,812,836 *	$5,180	-1.88%	-12.96%	-23.14%	
618	SMLY SmileyCoin	SMLY	$1,653,982	$0.000064	25,960,250,000	$5,459	1.77%	-1.16%	-14.70%	
619	MBI Monster Byte	MBI	$1,653,254	$0.098275	16,822,736 *	$1,506	23.17%	-0.81%	12.68%	
620	ZET Zetacoin	ZET	$1,653,059	$0.009878	167,354,439	$4,244	1.07%	-2.23%	-4.94%	
621	SUPER SuperCoin	SUPER	$1,639,479	$0.034360	47,714,189	$19,194	-0.05%	-10.46%	-24.78%	
622	GAP Gapcoin	GAP	$1,601,056	$0.131078	12,214,528	$203,710	-0.60%	315.31%	372.02%	
623	DSR Desire	DSR	$1,583,045	$1.56	1,012,637	$88,745	-0.48%	-2.51%	134.73%	
624	RIYA Etheriya	RIYA	$1,581,816	$1.00	1,581,531 *	$1,731	-0.01%	17.21%	95.01%	
625	DAXX DaxxCoin	DAXX	$1,578,087	$0.003148	501,358,900	$6,246	0.32%	8.45%	35.93%	
626	IFLT InflationCoin	IFLT	$1,577,739	$0.000045	35,287,717,362 *	$10,893	-8.43%	16.20%	158.33%	
627	NETKO Netko	NETKO	$1,574,146	$0.348346	4,518,915	$3,013	1.56%	4.15%	11.77%	
628	CCN CannaCoin	CCN	$1,563,817	$0.332704	4,700,324	$26,506	1.68%	-29.18%	226.18%	
629	XLC LeviarCoin	XLC	$1,549,587	$0.152467	10,163,422	$34,752	5.52%	13.54%	208.94%	
630	FUCK FuckToken	FUCK	$1,523,131	$0.029637	51,392,877 *	$2,288	-0.26%	29.21%	55.26%	
631	ADZ Adzcoin	ADZ	$1,516,886	$0.034900	43,463,278	$6,984	-3.16%	1.11%	5.51%	
632	BTA Bata	BTA	$1,514,935	$0.303638	4,989,280	$7,310	0.06%	-10.80%	-3.06%	
633	CRM Cream	CRM	$1,476,002	$0.032863	44,913,240	$6,033	-1.00%	0.40%	29.40%	
634	WTT Giga Watt Token	WTT	$1,475,280	$1.64	900,000 *	$38,606	0.02%	2.72%	-4.79%	
635	TRCT Tracto	TRCT	$1,458,151	$0.269641	5,407,751 *	$3,901	-0.04%	-9.19%	-23.08%	
636	NET NetCoin	NET	$1,454,949	$0.001848	787,126,712	$5,616	2.25%	-4.97%	28.82%	
637	BTCS Bitcoin Scrypt	BTCS	$1,453,890	$0.087815	16,556,213	$4,069	11.68%	-0.31%	-27.00%	
638	HTC HitCoin	HTC	$1,451,547	$0.000132	10,996,318,099	$1,440	0.01%	-5.68%	-5.32%	
639	XPD PetroDollar	XPD	$1,438,102	$0.022473	63,993,275	$64,821	-0.07%	-23.62%	174.26%	
640	BBP BiblePay	BBP	$1,435,822	$0.004511	318,328,022	$1,633	1.59%	-12.34%	4.94%	
641	TROLL Trollcoin	TROLL	$1,426,522	$0.002515	567,092,837	$4,047	0.78%	-5.03%	70.95%	
642	BBT BitBoost	BBT	$1,412,068	$0.290377	4,862,878 *	$4,029	-5.04%	-14.55%	74.98%	
643	DEM Deutsche eMark	DEM	$1,408,288	$0.042472	33,157,802	$5,871	0.11%	-8.79%	40.08%	
644	KOBO Kobocoin	KOBO	$1,403,088	$0.056805	24,700,248 *	$878	-0.11%	19.36%	5.51%	
645	IETH iEthereum	IETH	$1,389,203	$0.077255	17,982,000 *	$8,430	48.62%	201.09%	284.90%	
646	SKIN SkinCoin	SKIN	$1,382,206	$0.015674	88,183,483 *	$40,270	0.22%	0.24%	-2.92%	
647	DGC Digitalcoin	DGC	$1,346,541	$0.048667	27,668,678	$9,146	-0.27%	-4.28%	72.39%	
648	XCXT CoinonatX	XCXT	$1,344,429	$0.077435	17,361,994	$147,844	-3.75%	-35.16%	648.22%	
649	AU AurumCoin	AU	$1,333,933	$4.50	296,216	$765	0.16%	13.22%	30.88%	
650	MAC Machinecoin	MAC	$1,290,670	$0.063572	20,302,425	$1,003	6.48%	-10.60%	41.38%	
651	ENT Eternity	ENT	$1,271,181	$0.308765	4,116,984	$9,664	-6.98%	-16.03%	32.70%	
652	OTX Octanox	OTX	$1,267,886	$0.149163	8,500,001 *	$6,100	3.05%	-9.28%	-42.78%	
653	HODL HOdlcoin	HODL	$1,258,237	$0.007656	164,342,925	$6,906	-12.09%	2.56%	130.90%	
654	ITZ Interzone	ITZ	$1,232,755	$0.528012	2,334,710	$81,867	37.94%	42.55%	757.27%	
655	KUSH KushCoin	KUSH	$1,225,870	$0.224429	5,462,175	$10,314	-1.83%	6.63%	124.01%	
656	ETG Ethereum Gold	ETG	$1,221,324	$0.101777	12,000,000 *	$51,829	-4.30%	-15.74%	108.02%	
657	EBET EthBet	EBET	$1,199,363	$0.141060	8,502,500 *	$2,227	-5.05%	7.97%	67.99%	
658	BTB BitBar	BTB	$1,187,226	$33.32	35,629	$1,456	1.14%	-9.83%	-6.66%	
659	BIGUP BigUp	BIGUP	$1,177,701	$0.000554	2,124,143,227	$4,159	6.88%	32.27%	105.06%	
660	NYAN Nyancoin	NYAN	$1,168,305	$0.003663	318,929,301	$2,265	-0.98%	9.13%	80.58%	
661	BXT BitTokens	BXT	$1,150,554	$2.01	571,539	$1,155	7.32%	0.85%	270.54%	
662	FUNK The Cypherfunks	FUNK	$1,149,633	$0.000025	46,503,732,499	$2,342	0.20%	8.42%	62.32%	
663	MNE Minereum	MNE	$1,145,887	$0.635318	1,803,643 *	$13,344	0.16%	10.66%	64.56%	
664	Q2C QubitCoin	Q2C	$1,132,023	$0.004559	248,283,877	$14,176	-2.69%	-31.68%	127.00%	
665	WHL WhaleCoin	WHL	$1,092,607	$0.212805	5,134,312	$122,949	-12.63%	-7.46%	98.03%	
666	ATOM Atomic Coin	ATOM	$1,076,502	$0.079455	13,548,511	$30,673	22.51%	7.08%	24.51%	
667	FC2 FuelCoin	FC2	$1,060,040	$0.010428	101,651,302	$5,614	2.17%	6.31%	24.78%	
668	RLT RouletteToken	RLT	$1,033,605	$0.101163	10,217,224 *	$14,393	2.09%	2.01%	-10.41%	
669	ZZC ZoZoCoin	ZZC	$1,029,350	$1.92	536,310	$13,533	0.01%	1.85%	5.32%	
670	TIT Titcoin	TIT	$1,015,079	$0.020343	49,898,202	$4,742	2.64%	-5.93%	-5.46%	
671	NEWB Newbium	NEWB	$1,012,545	$0.020251	50,000,000 *	$1,780	-0.27%	201.30%	175.39%	
672	VLT Veltor	VLT	$1,011,257	$1.82	554,855	$598	0.01%	-5.70%	4.16%	
673	CMPCO CampusCoin	CMPCO	$1,008,640	$0.003189	316,318,046	$27,195	3.75%	-1.59%	-35.60%	
674	TAG TagCoin	TAG	$1,007,497	$0.167262	6,023,468	$9,866	-0.05%	70.33%	23.58%	
675	SPACE SpaceCoin	SPACE	$996,379	$0.046987	21,205,550	$7,047	21.34%	2.14%	59.29%	
676	PXC Phoenixcoin	PXC	$991,279	$0.015714	63,081,362	$1,531	1.36%	-8.44%	11.00%	
677	XJO Joulecoin	XJO	$990,927	$0.028592	34,657,383	$5,354	7.16%	-1.30%	1.58%	
678	UNY Unity Ingot	UNY	$976,155	$0.004832	202,000,000 *	$3,270	0.04%	-1.86%	-8.84%	
679	PIGGY Piggycoin	PIGGY	$971,795	$0.001993	487,648,400	$2,180	-1.83%	-3.13%	-1.51%	
680	BCF Bitcoin Fast	BCF	$950,114	$0.186700	5,088,987	$11,665	-0.74%	22.33%	70.80%	
681	MUT Mutual Coin	MUT	$946,296	$0.000462	2,048,214,721	$494,380	-3.67%	17.89%	109.11%	
682	ZCG ZCash Gold	ZCG	$938,972	$0.467705	2,007,615 *	$62,281	2.28%	-9.31%	251.28%	
683	TRI Triangles	TRI	$930,605	$12.77	72,891	$1,593	0.20%	-30.00%	114.66%	
684	XHI HiCoin	XHI	$926,562	$0.004884	189,729,990	$14,435	-2.67%	-6.19%	-10.60%	
685	OPAL Opal	OPAL	$924,285	$0.061031	15,144,471 *	$683	-21.61%	22.47%	14.43%	
686	I0C I0Coin	I0C	$917,605	$0.043724	20,986,395	$918	-0.03%	25.58%	2.11%	
687	HBN HoboNickels	HBN	$906,209	$0.015180	59,696,358	$2,310	0.82%	-3.16%	15.71%	
688	HPC Happycoin	HPC	$905,715	$0.068352	13,250,727	$3,280	0.36%	1.36%	18.94%	
689	MAX MaxCoin	MAX	$899,885	$0.014652	61,415,933	$630	-9.75%	-5.90%	30.36%	
690	CCO Ccore	CCO	$885,617	$0.738014	1,200,000 *	$4,177	5.06%	-4.03%	137.19%	
691	PAK Pakcoin	PAK	$882,069	$0.019211	45,915,050	$9,689	8.29%	-2.25%	77.82%	
692	TKR CryptoInsight	TKR	$846,155	$0.067532	12,529,747 *	$5,550	-9.86%	1.46%	-12.86%	
693	CHESS ChessCoin	CHESS	$839,215	$0.015532	54,032,769 *	$2,952	8.71%	46.01%	83.51%	
694	TRUMP TrumpCoin	TRUMP	$838,702	$0.128048	6,549,900	$4,482	-1.14%	-14.02%	64.99%	
695	TTC TittieCoin	TTC	$828,869	$0.000658	1,259,816,434	$7,470	0.67%	-9.00%	13.82%	
696	PASL Pascal Lite	PASL	$825,849	$0.179392	4,603,600	$1,926	-0.05%	-19.63%	86.47%	
697	CCRB CryptoCarbon	CCRB	$819,025	$0.229927	3,562,111 *	$24,383	0.62%	-6.21%	-10.64%	
698	SCORE Scorecoin	SCORE	$809,180	$0.026665	30,346,591	$7,251	0.01%	-2.45%	13.50%	
699	HERO Sovereign Hero	HERO	$805,697	$168.80	4,773 *	$18,500	-4.85%	-7.61%	-4.15%	
700	MARS Marscoin	MARS	$802,682	$0.028384	28,279,074	$9,095	8.64%	-23.86%	264.50%	
701	ALTCOM AltCommunity ...	ALTCOM	$796,456	$4.68	170,284	$2,890	-2.68%	-5.63%	30.99%	
702	BTSR BTSR	BTSR	$790,056	$0.240558	3,284,266 *	$4,804	1.27%	-24.66%	-18.22%	
703	RED RedCoin	RED	$779,534	$0.010519	74,107,896	$15,723	12.04%	0.82%	-55.50%	
704	8BIT 8Bit	8BIT	$777,834	$0.529917	1,467,841 *	$6,053	-3.31%	-15.54%	31.74%	
705	EL Elcoin	EL	$777,820	$0.069393	11,208,967 *	$3,178	-2.47%	-0.53%	23.69%	
706	RMC Remicoin	RMC	$766,672	$0.387360	1,979,224 *	$573	129.68%	-13.55%	-13.21%	
707	SDRN Senderon	SDRN	$766,646	$0.018886	40,592,900 *	$17,231	17.02%	-9.17%	104.98%	
708	PCOIN Pioneer Coin	PCOIN	$765,432	$0.528012	1,449,649	$30,849	-6.46%	-9.67%	3.68%	
709	DDF DigitalDevelo...	DDF	$749,714	$0.146477	5,118,307 *	$6,035	-0.26%	-29.94%	56.94%	
710	BOLI Bolivarcoin	BOLI	$748,599	$0.086574	8,646,900	$4,097	12.27%	22.28%	103.27%	
711	BLAS BlakeStar	BLAS	$748,111	$0.003028	247,094,506	$31,267	5.07%	-15.64%	59.70%	
712	BTWTY Bit20	BTWTY	$747,849	$736,072	1.016 *	$1,545	2.43%	8.06%	22.28%	
713	BITBTC bitBTC	BITBTC	$742,772	$14533.40	51.1079 *	$84,545	-4.14%	-9.48%	-12.37%	
714	DSH Dashcoin	DSH	$740,759	$0.042148	17,574,970	$2,692	8.86%	3.54%	-26.86%	
715	XPTX PlatinumBAR	XPTX	$738,657	$1.59	465,903	$8,359	-0.96%	17.59%	91.78%	
716	SOIL SOILcoin	SOIL	$723,487	$0.126882	5,702,048	$26,787	212.15%	201.84%	543.99%	
717	EBCH eBitcoinCash	EBCH	$718,552	$0.077384	9,285,500 *	$15,954	-0.27%	32.46%	132.65%	
718	CNNC Cannation	CNNC	$701,305	$0.283139	2,476,893	$6,458	-0.57%	10.37%	137.60%	
719	MNM Mineum	MNM	$700,149	$0.074197	9,436,367	$14,911	3.34%	65.31%	31.33%	
720	LOT LottoCoin	LOT	$692,050	$0.000048	14,491,014,421	$10,289	-0.52%	19.26%	43.94%	
721	GUN Guncoin	GUN	$681,999	$0.003432	198,718,678	$2,589	3.66%	-1.37%	-1.70%	
722	CFD Confido	CFD	$678,077	$0.075342	9,000,000 *	$5,836	-0.29%	-12.15%	2.63%	
723	CUBE DigiCube	CUBE	$641,304	$0.000264	2,429,126,009 *	$25,805	0.01%	88.62%	89.35%	
724	ECASH Ethereum Cash	ECASH	$612,098	$0.043411	14,100,000 *	$5,687	1.62%	-7.44%	11.85%	
725	NTO Fujinto	NTO	$606,525	$0.009217	65,802,448 *	$8,754	-4.94%	-0.93%	11.52%	
726	POP PopularCoin	POP	$604,495	$0.000178	3,400,798,954	$5,741	1.77%	4.94%	32.23%	
727	SLG Sterlingcoin	SLG	$591,924	$0.140533	4,211,990	$1,003	1.92%	-0.65%	30.06%	
728	ETHD Ethereum Dark	ETHD	$588,372	$0.392248	1,500,000	$87,875	-2.95%	10.81%	144.37%	
729	MRJA GanjaCoin	MRJA	$587,783	$0.132029	4,451,920	$36,728	-6.76%	-9.07%	328.44%	
730	JET Jetcoin	JET	$587,454	$0.085434	6,876,109 *	$689	2.79%	1.20%	33.37%	
731	DRXNE DROXNE	DRXNE	$584,224	$0.009068	64,424,511 *	$10,348	10.09%	-15.31%	47.01%	
732	LBTC LiteBitcoin	LBTC	$575,904	$0.019900	28,940,333	$37,791	-0.22%	-2.02%	47.48%	
733	BERN BERNcash	BERN	$572,006	$0.008030	71,234,301	$759	10.72%	18.74%	19.82%	
734	LCP Litecoin Plus	LCP	$567,404	$0.687202	825,673 *	$6,610	-4.89%	-14.29%	-22.08%	
735	PXI Prime-XI	PXI	$561,962	$0.030746	18,277,730	$33,015	-3.65%	40.51%	148.87%	
736	GLC GlobalCoin	GLC	$559,180	$0.008580	65,171,010	$566	-0.05%	-7.57%	59.00%	
737	XBL Billionaire T...	XBL	$557,597	$0.170607	3,268,315 *	$4,237	6.72%	-8.89%	81.27%	
738	UNITS GameUnits	UNITS	$547,276	$0.157581	3,472,983 *	$1,145	0.07%	5.35%	9.26%	
739	CAT Catcoin	CAT	$535,634	$0.085670	6,252,300	$3,082	-2.00%	-20.95%	32.09%	
740	CJ Cryptojacks	CJ	$531,414	$0.001307	406,568,581	$7,868	-0.21%	-4.52%	-24.76%	
741	KAYI Kayicoin	KAYI	$528,958	$0.001860	284,327,776 *	$25,104	2.16%	-7.60%	74.95%	
742	TYCHO Tychocoin	TYCHO	$527,267	$0.104942	5,024,368	$605	0.01%	-6.03%	-27.48%	
743	POS PoSToken	POS	$527,135	$0.597523	882,201 *	$91,975	-2.49%	-6.49%	-9.75%	
744	EVIL Evil Coin	EVIL	$526,596	$0.025052	21,020,383	$774	4.15%	51.26%	94.80%	
745	C2 Coin2.1	C2	$518,220	$0.005183	99,976,323 *	$588	-0.04%	-8.99%	-5.79%	
746	PHS Philosopher S...	PHS	$515,248	$0.085670	6,014,340 *	$14,949	11.72%	107.50%	116.53%	
747	TRK Truckcoin	TRK	$513,083	$0.003172	161,737,083 *	$660	-3.91%	-12.58%	-5.90%	
748	MONK Monkey Project	MONK	$506,404	$4.79	105,797	$54,196	-3.75%	-5.36%	181.64%	
749	XPY PayCoin	XPY	$506,363	$0.042783	11,835,581	$2,241	0.38%	-11.59%	-24.08%	
750	STV Sativacoin	STV	$503,441	$0.071030	7,087,756	$1,718	0.18%	2.54%	50.69%	
751	MAO Mao Zedong	MAO	$483,752	$0.077618	6,232,490	$709	-0.92%	-12.56%	-22.94%	
752	XCT C-Bit	XCT	$476,142	$0.003021	157,625,875	$2,892	0.86%	4.48%	26.18%	
753	ITI iTicoin	ITI	$465,789	$14.56	32,000 *	$610	2.03%	0.01%	3.57%	
754	XRA Ratecoin	XRA	$464,639	$0.003995	116,311,998 *	$1,729	2.51%	8.30%	63.34%	
755	MOJO MojoCoin	MOJO	$451,194	$0.037146	12,146,638 *	$5,487	5.20%	-17.45%	50.38%	
756	TRDT Trident Group	TRDT	$450,014	$0.660015	681,824 *	$27,441	32.47%	48.06%	298.56%	
757	LANA LanaCoin	LANA	$449,527	$0.000530	848,666,743	$7,981	-19.47%	-7.23%	-36.24%	
758	STARS StarCash Network	STARS	$448,106	$0.544659	822,727 *	$577	6.71%	-0.46%	-31.38%	
759	BLC Blakecoin	BLC	$443,549	$0.029330	15,122,697	$990	-8.92%	-5.20%	68.37%	
760	EMD Emerald Crypto	EMD	$428,394	$0.022409	19,117,129	$546	0.21%	2.93%	6.90%	
761	XGR GoldReserve	XGR	$428,304	$0.024943	17,171,382	$701	-0.09%	-10.89%	2.78%	
762	ZUR Zurcoin	ZUR	$416,536	$0.004752	87,653,034	$919	0.01%	-11.44%	-2.14%	
763	DALC Dalecoin	DALC	$415,092	$0.903912	459,217 *	$9,375	0.07%	-8.70%	28.97%	
764	NTWK Network Token	NTWK	$412,897	$0.035377	11,671,310 *	$13,362	12.56%	18.97%	1137.44%	
765	808 808Coin	808	$412,112	$0.000104	3,978,187,849	$4,640	6.34%	-15.52%	100.30%	
766	LTB LiteBar	LTB	$406,587	$0.488681	832,008	$660	-5.82%	-6.04%	-11.43%	
767	POST PostCoin	POST	$400,098	$0.025214	15,868,233 *	$2,909	-0.53%	3.17%	-4.29%	
768	ROC Rasputin Onli...	ROC	$399,399	$0.368572	1,083,638 *	$2,360	-0.26%	-39.22%	94.20%	
769	ISL IslaCoin	ISL	$399,028	$0.263610	1,513,704 *	$11,517	0.01%	77.34%	136.37%	
770	ICE iDice	ICE	$381,131	$0.242602	1,571,013 *	$1,636	-0.10%	0.54%	-3.13%	
771	CRX Chronos	CRX	$379,462	$0.005147	73,729,962	$1,159	0.55%	-30.78%	63.71%	
772	BITSILVER bitSilver	BITSILVER	$377,796	$18.97	19,917 *	$531	2.40%	-8.44%	12.72%	
773	ARI Aricoin	ARI	$362,176	$0.002582	140,262,505	$859	1.07%	-2.93%	9.18%	
774	MOTO Motocoin	MOTO	$361,096	$0.019749	18,284,567	$561	0.06%	-15.08%	-28.89%	
775	HMP HempCoin	HMP	$358,163	$0.000264	1,356,645,470	$47,585	-0.05%	88.63%	89.35%	
776	AMS AmsterdamCoin	AMS	$350,347	$0.010543	33,230,592	$3,315	-10.12%	-7.36%	105.42%	
777	4CHN ChanCoin	4CHN	$348,442	$0.048889	7,127,157	$4,135	0.34%	-11.62%	20.73%	
778	XVP Virtacoinplus	XVP	$343,340	$0.031416	10,928,643	$1,708	-0.82%	-5.11%	41.80%	
779	BSTY GlobalBoost-Y	BSTY	$341,176	$0.025444	13,408,789	$616	0.13%	-9.26%	-12.46%	
780	VC VirtualCoin	VC	$333,457	$0.033133	10,064,287	$3,191	-0.05%	-32.88%	283.29%	
781	DUO ParallelCoin	DUO	$332,951	$1.10	301,974	$1,178	-0.01%	48.06%	64.61%	
782	ICOB ICOBID	ICOB	$324,597	$0.003042	106,701,874 *	$2,911	-13.82%	-8.42%	-6.81%	
783	EAGLE EagleCoin	EAGLE	$320,069	$0.152893	2,093,421 *	$11,838	-0.23%	75.51%	-21.69%	
784	RPC RonPaulCoin	RPC	$318,318	$0.353698	899,970	$2,690	-10.86%	-12.59%	113.15%	
785	TSE Tattoocoin (S...	TSE	$318,304	$0.003520	90,421,856 *	$523	0.92%	-3.52%	-19.01%	
786	BTG Bitgem	BTG	$317,565	$5.32	59,703	$5,181	-5.32%	-3.70%	-10.39%	
787	611 SixEleven	611	$310,394	$0.715591	433,759	$146,997	-0.27%	93.58%	119.78%	
788	SWING Swing	SWING	$308,585	$0.107950	2,858,592	$677	-0.39%	-15.60%	-22.10%	
789	GLT GlobalToken	GLT	$300,297	$0.010961	27,396,100	$1,392	5.21%	8.24%	75.56%	
790	USDE USDe	USDE	$299,445	$0.000264	1,134,236,104	$4,568	0.01%	16.39%	30.22%	
791	EUC Eurocoin	EUC	$297,888	$0.023991	12,416,554	$3,202	-0.36%	4.33%	31.37%	
792	888 OctoCoin	888	$297,195	$0.005818	51,084,016	$1,404	-14.62%	4.65%	-13.46%	
793	ECO EcoCoin	ECO	$291,125	$0.252714	1,151,995	$3,387	-0.05%	-3.57%	-0.13%	
794	MAR Marijuanacoin	MAR	$289,778	$0.180830	1,602,490	$23,166	-0.58%	-17.09%	87.09%	
795	GRIM Grimcoin	GRIM	$283,802	$0.009285	30,566,236	$9,628	31.01%	3.54%	6.02%	
796	FUNC FUNCoin	FUNC	$262,507	$0.044884	5,848,581 *	$2,544	-0.46%	-6.44%	-6.42%	
797	EOT EOT Token	EOT	$252,843	$0.015125	16,717,203 *	$6,127	0.01%	4.62%	-36.79%	
798	HONEY Honey	HONEY	$252,225	$0.679551	371,164	$3,941	16.06%	-1.58%	32.02%	
799	FUZZ FuzzBalls	FUZZ	$248,817	$0.051515	4,829,945	$14,022	10.94%	-18.26%	332.56%	
800	QTL Quatloo	QTL	$243,957	$0.031605	7,718,883	$4,107	-4.18%	6.32%	2.17%	
801	BOAT BOAT	BOAT	$239,940	$0.012936	18,547,845	$2,080	-0.05%	-9.23%	419.12%	
802	QCN QuazarCoin	QCN	$239,384	$0.039601	6,044,911	$683	12.55%	24.24%	16.19%	
803	BIP BipCoin	BIP	$239,372	$0.147101	1,627,261	$1,905	-0.06%	12.11%	242.07%	
804	BUMBA BumbaCoin	BUMBA	$237,633	$0.010544	22,537,684	$13,336	-2.19%	-21.89%	0.51%	
805	IMS Independent M...	IMS	$236,688	$0.044085	5,368,934	$2,270	0.07%	24.31%	91.21%	
806	BITGOLD bitGold	BITGOLD	$234,069	$1444.46	162 *	$51,962	2.27%	-15.30%	-2.42%	
807	REE ReeCoin	REE	$232,315	$0.000091	2,560,000,000	$4,688	1.97%	10.09%	-11.59%	
808	RBT Rimbit	RBT	$226,944	$0.001965	115,499,623 *	$57,034	0.40%	58.71%	-41.64%	
809	LEA LeaCoin	LEA	$222,054	$0.000694	320,020,891	$594	-15.62%	-0.64%	-8.80%	
810	XCO X-Coin	XCO	$220,705	$0.017820	12,384,976 *	$981	-7.73%	-19.54%	125.51%	
811	CORG CorgiCoin	CORG	$220,364	$0.000176	1,251,855,418 *	$5,173	-0.25%	-1.95%	44.11%	
812	XBTC21 Bitcoin 21	XBTC21	$219,959	$0.277338	793,108 *	$963	-4.49%	-9.94%	42.08%	
813	CACH CacheCoin	CACH	$219,530	$0.052330	4,195,132	$647	0.01%	9.64%	77.85%	
814	RUPX Rupaya	RUPX	$216,324	$0.035273	6,132,823	$3,744	0.13%	-49.69%	155.27%	
815	SRC SecureCoin	SRC	$215,356	$0.025879	8,321,651	$3,400	0.15%	-10.27%	45.28%	
816	CON PayCon	CON	$208,685	$0.009056	23,042,604 *	$2,157	1.55%	-35.11%	60.58%	
817	GPL Gold Pressed ...	GPL	$207,832	$0.810177	256,527	$513	-0.80%	12.96%	20.79%	
818	DFS DFSCoin	DFS	$202,102	$0.012208	16,554,341	$9,013	-7.90%	-16.01%	25.92%	
819	AERM Aerium	AERM	$201,144	$0.132202	1,521,492	$6,461	-62.90%	-65.14%	19.81%	
820	VUC Virta Unique ...	VUC	$199,709	$0.003245	61,535,800	$4,667	6.75%	-1.14%	6.32%	
821	BAS BitAsean	BAS	$196,625	$0.039325	5,000,000 *	$669	-7.13%	-4.43%	61.63%	
822	$$$ Money	$$$	$196,235	$0.004276	45,887,218	$25,425	3.57%	-4.46%	81.87%	
823	BLN Bolenum	BLN	$195,914	$0.019591	10,000,000 *	$4,676	-0.08%	5.36%	-29.49%	
824	HXX Hexx	HXX	$190,827	$0.127273	1,499,353 *	$3,720	-28.17%	-30.32%	-8.90%	
825	ALL Allion	ALL	$190,487	$0.030727	6,199,359	$2,113	7.99%	35.73%	43.88%	
826	XRE RevolverCoin	XRE	$189,214	$0.008448	22,397,270	$625	6.50%	0.60%	8.90%	
827	BTPL Bitcoin Planet	BTPL	$188,091	$0.032341	5,815,932	$797	0.01%	15.54%	28.80%	
828	TEK TEKcoin	TEK	$186,626	$0.000132	1,414,054,562	$5,902	1.04%	-5.42%	15.28%	
829	SGR Sugar Exchange	SGR	$179,382	$0.051252	3,500,000 *	$24,162	-9.05%	1.45%	-34.62%	
830	COAL BitCoal	COAL	$171,011	$0.038002	4,500,000	$1,290	0.01%	-4.56%	-10.99%	
831	LUNA Luna Coin	LUNA	$165,404	$0.097191	1,701,847	$3,644	41.44%	35.24%	70.02%	
832	ACOIN Acoin	ACOIN	$160,790	$0.131786	1,220,085	$1,084	4.29%	2.27%	-26.53%	
833	CPN CompuCoin	CPN	$160,113	$0.008163	19,615,019	$1,417	5.72%	24.00%	48.30%	
834	ZMC ZetaMicron	ZMC	$158,494	$0.000264	600,344,291 *	$15,338	20.00%	35.72%	89.36%	
835	MST MustangCoin	MST	$157,138	$0.249289	630,343	$545	-9.72%	-11.31%	49.60%	
836	AMMO Ammo Rewards	AMMO	$154,003	$0.001980	77,777,777 *	$1,417	-0.05%	57.20%	82.75%	
837	CXT Coinonat	CXT	$152,070	$0.017635	8,623,200	$14,991	-2.74%	70.79%	84.83%	
838	NEVA NevaCoin	NEVA	$148,428	$0.059191	2,507,610	$860	0.19%	4.46%	1.41%	
839	BITEUR bitEUR	BITEUR	$139,908	$1.23	113,930 *	$10,019	-3.43%	-0.96%	-11.61%	
840	CMT Comet	CMT	$138,566	$0.158755	872,830	$4,839	0.02%	-3.73%	36.64%	
841	EGAS ETHGAS	EGAS	$135,471	$0.013337	10,157,540 *	$5,517	-0.26%	-8.85%	40.52%	
842	NRO Neuro	NRO	$127,469	$0.003036	41,984,978	$1,310	1.48%	3.29%	-5.93%	
843	EREAL eREAL	EREAL	$126,779	$0.001852	68,441,802 *	$848	5.37%	27.78%	72.14%	
844	VOT VoteCoin	VOT	$121,783	$0.007392	16,474,625	$1,137	0.01%	-31.41%	-27.34%	
845	SFC Solarflarecoin	SFC	$119,717	$0.008501	14,083,450	$626	1.57%	6.02%	-5.92%	
846	SONG SongCoin	SONG	$118,456	$0.003637	32,565,300	$1,610	15.66%	-5.08%	20.48%	
847	B3 B3Coin	B3	$118,035	$0.000240	491,880,051	$30,490	9.08%	-45.64%	56.08%	
848	SPT Spots	SPT	$117,192	$0.005230	22,406,021	$1,360	-17.57%	14.34%	-52.71%	
849	ERY Eryllium	ERY	$110,112	$0.019862	5,543,744	$2,392	-2.88%	-7.44%	52.40%	
850	KRONE Kronecoin	KRONE	$108,053	$0.026401	4,092,842	$4,984	3.37%	-22.09%	13.01%	
851	BENJI BenjiRolls	BENJI	$107,395	$0.005297	20,276,099	$708	10.34%	-5.45%	36.00%	
852	VPRC VapersCoin	VPRC	$97,703	$0.000125	780,124,964	$3,585	0.37%	-0.54%	158.49%	
853	FLAX Flaxscript	FLAX	$88,453	$0.015817	5,592,280	$5,224	0.28%	3.44%	17.86%	
854	WOMEN WomenCoin	WOMEN	$72,725	$0.001645	44,220,400	$804	3.77%	-9.45%	20.30%	
855	LTCU LiteCoin Ultra	LTCU	$71,816	$0.076262	941,702	$12,799	0.39%	-0.76%	-14.21%	
856	BNX BnrtxCoin	BNX	$67,723	$0.002506	27,021,001	$1,958	6.48%	3.00%	-0.20%	
857	BRAT BROTHER	BRAT	$67,505	$0.000422	160,000,000 *	$906	-4.38%	-21.85%	15.49%	
858	EXN ExchangeN	EXN	$67,354	$0.013207	5,100,000 *	$13,415	-39.89%	-50.03%	4.18%	
859	MSCN Master Swiscoin	MSCN	$66,413	$0.001477	44,968,190 *	$2,322	3.99%	-9.03%	16.81%	
860	ACP AnarchistsPrime	ACP	$66,138	$0.015049	4,394,874	$3,067	-0.02%	-10.94%	-19.79%	
861	DOLLAR Dollar Online	DOLLAR	$65,969	$0.087518	753,776	$942	0.01%	-0.94%	75.83%	
862	DIX Dix Asset	DIX	$64,830	$6.5e-07	100,000,000,000 *	$1,375	2.98%	2.40%	-50.23%	
863	GEERT GeertCoin	GEERT	$61,784	$0.012136	5,091,200	$1,988	4.40%	2.47%	-22.70%	
864	ELS Elysium	ELS	$59,211	$0.014784	4,005,012	$2,033	0.01%	-25.73%	115.44%	
865	VLTC Vault Coin	VLTC	$56,461	$0.001858	30,385,540	$1,171	0.54%	6.06%	112.76%	
866	FRAZ Frazcoin	FRAZ	$55,659	$0.005848	9,518,135	$2,010	6.76%	24.15%	315.32%	
867	XCS CybCSec	XCS	$45,302	$0.003828	11,834,082 *	$9,185	5.47%	25.43%	74.66%	
868	BRAIN Braincoin	BRAIN	$43,972	$0.004356	10,094,424 *	$741	0.01%	-0.29%	60.46%	
869	IMX Impact	IMX	$43,367	$0.000396	109,509,144	$1,398	-38.26%	-43.41%	-36.74%	
870	ROOFS Roofs	ROOFS	$42,652	$0.000328	130,000,000 *	$2,292	2.09%	12.91%	1.59%	
871	ARGUS Argus	ARGUS	$36,896	$0.032131	1,148,324	$6,965	6.93%	45.02%	77.02%	
872	CTIC3 Coimatic 3.0	CTIC3	$35,781	$0.015836	2,259,512 *	$1,737	17.14%	10.80%	259.15%	
873	CRDNC Credence Coin	CRDNC	$30,997	$0.009045	3,427,006 *	$888	-32.96%	-13.21%	-38.54%	
874	AGLC AgrolifeCoin	AGLC	$28,249	$0.003564	7,926,010 *	$528	-0.05%	27.33%	-51.77%	
875	RSGP RSGPcoin	RSGP	$28,049	$16.23	1,728 *	$591	0.01%	-7.18%	65.68%	
876	NANOX Project-X	NANOX	$26,861	$343,208	0.078264 *	$12,160	3.94%	-25.10%	-85.09%	
877	MGM Magnum	MGM	$26,371	$0.006600	3,995,526	$2,535	11.05%	-7.34%	-91.80%	
878	VRS Veros	VRS	$26,064	$0.000054	486,609,040 *	$11,701	-5.65%	-49.54%	-17.22%	
879	CRTM Corethum	CRTM	$23,155	$0.009262	2,500,000 *	$1,133	-2.85%	56.56%	58.62%	
880	VOLT Bitvolt	VOLT	$21,944	$0.001452	15,112,554 *	$801	-2.93%	-3.23%	82.13%	
881	CREVA CrevaCoin	CREVA	$19,215	$0.000528	36,390,750	$1,094	0.01%	0.35%	-6.98%	
882	LVPS LevoPlus	LVPS	$15,669	$0.008448	1,854,744	$2,665	0.01%	-5.29%	11.96%	
883	GSR GeyserCoin	GSR	$9,700	$0.206981	46,864	$1,399	42.47%	-11.24%	-25.57%	
884	HMC HarmonyCoin	HMC	$6,703	$0.011943	561,235	$2,317	0.01%	-10.49%	1.81%	
885	DMB Digital Money...	DMB	$445	$0.001056	421,300	$645	0.01%	-16.39%	0.41%	
886	XPA XPlay	XPA	$106,696,000	$0.106696	1,000,000,000 *	Low Vol	-0.26%	-6.92%	88.75%	
887	BCAP BCAP	BCAP	$34,750,300	$3.48	10,000,000 *	Low Vol	-0.26%	83.19%	-0.40%	
888	VTA Virtacoin	VTA	$19,409,729	$0.003732	5,201,310,113	Low Vol	-0.21%	3.61%	0.33%	
889	XTO Tao	XTO	$12,894,371	$0.394293	32,702,510	Low Vol	-0.05%	-9.57%	32.64%	
890	ECN E-coin	ECN	$10,111,976	$2.06	4,898,501	Low Vol	-0.05%	-25.34%	-21.81%	
891	ADL Adelphoi	ADL	$7,403,984	$0.315436	23,472,224 *	Low Vol	153.89%	92.85%	125.94%	
892	ARC Arcade Token	ARC	$5,811,229	$3.84	1,513,668 *	?	?	?	-8.96%	
893	REX REX	REX	$4,358,984	$0.503303	8,660,756 *	Low Vol	-5.26%	38.33%	7.39%	
894	SIFT Smart Investm...	SIFT	$4,035,091	$5.58	722,935 *	Low Vol	-0.26%	12.65%	50.14%	
895	RUSTBITS Rustbits	RUSTBITS	$3,915,007	$0.110904	35,300,866 *	Low Vol	?	?	?	
896	YASH YashCoin	YASH	$3,428,220	$0.342812	10,000,293 *	Low Vol	-0.05%	-2.02%	-8.65%	
897	INPAY InPay	INPAY	$3,238,030	$0.323803	10,000,000 *	Low Vol	0.01%	-6.82%	68.87%	
898	FIMK FIMKrypto	FIMK	$3,156,365	$0.005470	577,004,618 *	Low Vol	0.01%	-5.68%	-5.32%	
899	SDC ShadowCash	SDC	$3,004,843	$0.448810	6,695,133 *	Low Vol	0.01%	-39.43%	124.65%	
900	CRYPT CryptCoin	CRYPT	$2,749,152	$0.452913	6,069,934	Low Vol	?	?	4.97%	
901	LOG Woodcoin	LOG	$2,665,016	$0.331668	8,035,193	Low Vol	?	-1.26%	52.44%	
902	EMV Ethereum Movi...	EMV	$2,374,506	$0.361600	6,566,666 *	Low Vol	-0.33%	20.44%	-28.39%	
903	B@ Bankcoin	B@	$2,289,376	$0.222447	10,291,781 *	Low Vol	-0.04%	-3.38%	-14.20%	
904	TOKEN SwapToken	TOKEN	$2,022,363	$0.000132	15,320,585,365 *	Low Vol	-0.05%	-5.68%	-5.32%	
905	LNK Link Platform	LNK	$1,991,199	$41.92	47,503 *	Low Vol	-0.16%	-6.86%	44.50%	
906	ITT Intelligent T...	ITT	$1,974,649	$0.201538	9,797,899 *	Low Vol	-0.26%	?	23.09%	
907	BLOCKPAY BlockPay	BLOCKPAY	$1,543,298	$0.284306	5,428,300 *	Low Vol	0.38%	0.58%	-29.89%	
908	SHORTY Shorty	SHORTY	$1,346,430	$0.013464	100,000,000 *	Low Vol	0.01%	-4.64%	-9.75%	
909	JNS Janus	JNS	$1,316,206	$0.057176	23,020,335 *	Low Vol	1.87%	-29.33%	-8.37%	
910	ORB Orbitcoin	ORB	$1,142,273	$0.367150	3,111,188	Low Vol	3.40%	-1.31%	-20.84%	
911	CASINO Casino	CASINO	$1,109,390	$1.11	1,000,000 *	Low Vol	-0.06%	?	-28.46%	
912	ABJ Abjcoin	ABJ	$939,264	$0.113641	8,265,187	Low Vol	2.58%	-17.38%	-15.57%	
913	METAL MetalCoin	METAL	$924,053	$0.012012	76,925,527 *	Low Vol	-0.05%	1.42%	?	
914	CNO Coin(O)	CNO	$875,922	$0.008328	105,172,397	Low Vol	1.33%	-13.82%	-49.26%	
915	GAIA GAIA	GAIA	$834,363	$0.034619	24,101,381 *	Low Vol	0.88%	-5.86%	39.45%	
916	AMBER AmberCoin	AMBER	$778,742	$0.017820	43,699,481	Low Vol	-0.05%	-4.92%	204.13%	
917	FNC FinCoin	FNC	$770,820	$0.059853	12,878,667 *	Low Vol	-7.62%	-29.02%	-19.75%	
918	VAL Valorbit	VAL	$745,815	$0.000132	5,649,987,125	Low Vol	0.01%	-5.69%	-5.32%	
919	BPC Bitpark Coin	BPC	$742,517	$0.009900	75,000,000 *	Low Vol	-0.05%	-4.32%	1.25%	
920	MCRN MACRON	MCRN	$723,217	$0.001802	401,421,401 *	Low Vol	-0.55%	9.28%	82.55%	
921	UNIC UniCoin	UNIC	$673,409	$0.226288	2,975,893	Low Vol	1.26%	-2.11%	-12.99%	
922	USC Ultimate Secu...	USC	$645,797	$0.062437	10,343,113	Low Vol	0.37%	-33.81%	-37.09%	
923	UNI Universe	UNI	$622,769	$0.049299	12,632,504 *	Low Vol	0.58%	-3.72%	15.10%	
924	STS Stress	STS	$596,793	$0.001056	565,134,332	Low Vol	-0.05%	-15.40%	26.24%	
925	SHDW Shadow Token	SHDW	$567,349	$0.081050	7,000,000 *	Low Vol	0.01%	-8.50%	-8.45%	
926	E4ROW E4ROW	E4ROW	$511,528	$0.088776	5,762,000 *	Low Vol	?	0.04%	1.75%	
927	BTCR Bitcurrency	BTCR	$492,525	$0.002904	169,598,616 *	Low Vol	4.70%	-10.22%	24.78%	
928	VIDZ PureVidz	VIDZ	$490,901	$0.003918	125,279,775 *	Low Vol	0.27%	21.38%	-24.82%	
929	WAY WayGuide	WAY	$475,403	$0.004752	100,040,708 *	Low Vol	2.84%	?	1.39%	
930	HAL Halcyon	HAL	$458,406	$0.085142	5,384,029	Low Vol	0.01%	-23.38%	-23.17%	
931	BRIA BriaCoin	BRIA	$456,823	$0.710000	643,413 *	Low Vol	0.00%	29.07%	-19.46%	
932	AIB Advanced Inte...	AIB	$427,100	$0.017888	23,876,767	Low Vol	6.86%	-9.54%	-10.42%	
933	HNC Helleniccoin	HNC	$420,912	$0.006536	64,400,380	Low Vol	-0.52%	-4.68%	-20.92%	
934	BUCKS SwagBucks	BUCKS	$409,011	$1.22	334,586	Low Vol	1.19%	-16.51%	-49.22%	
935	TGC Tigercoin	TGC	$396,542	$0.009108	43,536,800	Low Vol	0.00%	-7.69%	-6.87%	
936	FRC Freicoin	FRC	$385,267	$0.012936	29,781,878	Low Vol	0.01%	-42.23%	-11.63%	
937	SPEX SproutsExtreme	SPEX	$378,401	$0.000132	2,866,607,586 *	Low Vol	-0.05%	-5.68%	-5.32%	
938	SH Shilling	SH	$372,410	$0.009240	40,303,225 *	Low Vol	-0.05%	-1.46%	?	
939	WYV Wyvern	WYV	$370,416	$0.200644	1,846,137 *	Low Vol	0.01%	19.47%	21.67%	
940	GRT Grantcoin	GRT	$368,165	$0.008485	43,388,402 *	Low Vol	-0.10%	-0.59%	54.42%	
941	J Joincoin	J	$361,203	$0.118935	3,036,982	Low Vol	-0.05%	-51.44%	-62.72%	
942	ICN iCoin	ICN	$347,874	$0.011880	29,281,569	Low Vol	-0.05%	-5.68%	-9.05%	
943	MNC Mincoin	MNC	$335,593	$0.082107	4,087,251	Low Vol	2.01%	-15.60%	23.05%	
944	MEOW Kittehcoin	MEOW	$321,785	$0.000013	23,905,669,976	Low Vol	?	?	?	
945	TALK BTCtalkcoin	TALK	$313,619	$0.004803	65,290,635	Low Vol	?	-4.67%	-18.62%	
946	FLY Flycoin	FLY	$310,711	$1.47	210,806 *	Low Vol	?	-5.80%	-13.62%	
947	KED Darsek	KED	$300,009	$0.018897	15,875,917	Low Vol	2.91%	6.45%	10.38%	
948	SAC SACoin	SAC	$296,378	$0.042241	7,016,370	Low Vol	-0.05%	-5.68%	-45.66%	
949	PR Prototanium	PR	$286,635	$1.46	196,079	Low Vol	0.83%	2.41%	-14.68%	
950	RBX Ripto Bux	RBX	$286,476	$0.000751	381,236,123 *	Low Vol	0.01%	-0.64%	10.76%	
951	RBIES Rubies	RBIES	$273,594	$0.026269	10,415,252 *	Low Vol	0.01%	-5.22%	-11.71%	
952	CYP Cypher	CYP	$273,392	$0.042951	6,365,285 *	Low Vol	?	-5.28%	-0.53%	
953	BLZ BlazeCoin	BLZ	$264,785	$0.000435	608,557,394	Low Vol	2.74%	-4.90%	-21.51%	
954	MAD SatoshiMadness	MAD	$264,096	$0.000132	2,000,683,485 *	Low Vol	0.01%	-5.69%	-5.31%	
955	BITZ Bitz	BITZ	$258,862	$0.130023	1,990,891	Low Vol	0.01%	12.77%	64.91%	
956	WMC WMCoin	WMC	$255,890	$0.022198	11,527,489 *	Low Vol	?	?	-4.09%	
957	YAC Yacoin	YAC	$222,054	$0.001848	120,156,406	Low Vol	0.01%	1.45%	-1.84%	
958	MTLMC3 Metal Music Coin	MTLMC3	$209,092	$0.002623	79,719,140	Low Vol	-0.03%	-16.84%	11.98%	
959	SCRT SecretCoin	SCRT	$198,430	$0.046925	4,228,672 *	Low Vol	-0.06%	-13.47%	?	
960	SOON SoonCoin	SOON	$193,259	$0.015507	12,462,620 *	Low Vol	5.26%	9.30%	12.36%	
961	ARG Argentum	ARG	$188,573	$0.021621	8,721,709	Low Vol	0.22%	-4.45%	12.96%	
962	EVO Evotion	EVO	$186,162	$0.058477	3,183,498	Low Vol	1.53%	-21.06%	-16.71%	
963	GP GoldPieces	GP	$177,677	$0.145618	1,220,161 *	Low Vol	-0.25%	3.03%	5.02%	
964	GPU GPU Coin	GPU	$176,322	$0.004356	40,477,042	Low Vol	-7.96%	6.61%	-8.89%	
965	TAJ TajCoin	TAJ	$168,388	$0.020794	8,098,024	Low Vol	-3.64%	-3.74%	23.17%	
966	PX PX	PX	$168,359	$0.001716	98,109,096	Low Vol	0.01%	-5.68%	-5.32%	
967	JIN Jin Coin	JIN	$162,504	$0.016500	9,848,485	Low Vol	-0.05%	-15.79%	-4.87%	
968	MAY Theresa May Coin	MAY	$161,111	$0.006048	26,640,200	Low Vol	5.77%	1.81%	-46.15%	
969	FRK Franko	FRK	$160,461	$0.172396	930,767	Low Vol	0.01%	-5.66%	-3.10%	
970	COXST CoExistCoin	COXST	$159,794	$0.005896	27,100,000 *	Low Vol	158.55%	56.02%	1307.15%	
971	XCRE Creatio	XCRE	$158,471	$0.007723	20,520,514 *	Low Vol	0.03%	-7.68%	-3.31%	
972	FIRE Firecoin	FIRE	$156,811	$1.59	98,412 *	Low Vol	-0.05%	-5.13%	-19.18%	
973	DLC Dollarcoin	DLC	$153,871	$0.016896	9,106,714	Low Vol	-0.05%	-5.68%	-6.98%	
974	DBTC Debitcoin	DBTC	$149,688	$0.008316	17,999,629	Low Vol	6.46%	8.77%	2.10%	
975	JS JavaScript Token	JS	$148,035	$0.018523	7,991,996 *	Low Vol	24.65%	69.41%	124.83%	
976	CASH Cashcoin	CASH	$143,843	$0.003116	46,158,242	Low Vol	69.55%	102.42%	-32.45%	
977	SLING Sling	SLING	$143,212	$0.133333	1,074,095 *	Low Vol	?	-2.90%	?	
978	ANTI AntiBitcoin	ANTI	$142,938	$0.008184	17,465,159	Low Vol	-0.05%	-5.68%	-14.93%	
979	300 300 Token	300	$142,563	$475.21	300 *	Low Vol	0.01%	-12.68%	5.88%	
980	ARCO AquariusCoin	ARCO	$136,315	$0.089248	1,527,383 *	Low Vol	-15.36%	-20.48%	-21.01%	
981	BOST BoostCoin	BOST	$136,152	$0.011484	11,855,487	Low Vol	0.01%	-5.69%	-5.58%	
982	DRS Digital Rupees	DRS	$134,855	$0.000264	510,802,961 *	Low Vol	-0.05%	-5.68%	24.27%	
983	URC Unrealcoin	URC	$132,537	$0.018868	7,024,402	Low Vol	?	?	0.80%	
984	GTC Global Tour Coin	GTC	$114,411	$0.003828	29,887,402	Low Vol	3.58%	-11.77%	29.13%	
985	VEC2 VectorAI	VEC2	$108,208	$0.006468	16,729,373	Low Vol	?	?	2.50%	
986	TOR Torcoin	TOR	$104,341	$0.330007	316,179	Low Vol	0.01%	17.90%	103.51%	
987	ICON Iconic	ICON	$104,091	$0.175564	592,894 *	Low Vol	-0.05%	-33.95%	-40.91%	
988	WORM HealthyWormCoin	WORM	$103,774	$0.000924	112,307,147	Low Vol	-0.05%	-5.68%	104.38%	
989	CF Californium	CF	$100,027	$0.041449	2,413,249	Low Vol	0.01%	-9.42%	-17.28%	
990	BTQ BitQuark	BTQ	$99,501	$0.010956	9,081,731	Low Vol	0.01%	-6.81%	72.89%	
991	GCC GuccioneCoin	GCC	$99,077	$0.004884	20,285,537 *	Low Vol	0.01%	-27.30%	-3.98%	
992	OFF Cthulhu Offer...	OFF	$97,923	$0.037343	2,622,291	Low Vol	12.10%	-12.52%	19.15%	
993	UET Useless Ether...	UET	$94,028	$0.023710	3,965,716 *	Low Vol	6.99%	45.36%	114.77%	
994	PRC PRCoin	PRC	$93,924	$0.005676	16,547,200	Low Vol	-0.05%	-7.83%	-16.92%	
995	BVC BeaverCoin	BVC	$88,002	$0.028249	3,115,258	Low Vol	-0.05%	-5.68%	2.84%	
996	XBTS Beatcoin	XBTS	$86,603	$0.056800	1,524,686	Low Vol	-0.20%	-22.48%	-21.40%	
997	ASAFE2 AllSafe	ASAFE2	$86,017	$0.010712	8,030,000 *	Low Vol	-0.03%	-3.34%	-11.19%	
998	BSTAR Blackstar	BSTAR	$83,267	$0.000132	630,795,971 *	Low Vol	-0.05%	-5.68%	-5.31%	
999	ATX Artex Coin	ATX	$81,801	$0.004355	18,781,750	Low Vol	-0.46%	1.97%	39.59%	
1000	CTO Crypto	CTO	$81,041	$0.006468	12,529,311	Low Vol	-0.05%	54.05%	-5.31%	
1001	FLVR FlavorCoin	FLVR	$80,000	$0.003828	20,898,106 *	Low Vol	-0.05%	?	30.74%	
1002	PRX Printerium	PRX	$78,960	$0.006679	11,821,728	Low Vol	3.97%	-3.34%	-48.25%	
1003	BLRY BillaryCoin	BLRY	$75,969	$0.008448	8,992,325	Low Vol	-0.05%	-11.09%	-9.02%	
1004	DIBC DIBCOIN	DIBC	$75,492	$0.015098	5,000,000 *	Low Vol	0.00%	15.31%	30.36%	
1005	DRM Dreamcoin	DRM	$74,766	$0.030493	2,451,923 *	Low Vol	-0.05%	-3.17%	-31.79%	
1006	JWL Jewels	JWL	$74,593	$0.003696	20,181,636 *	Low Vol	0.01%	?	20.39%	
1007	PULSE Pulse	PULSE	$73,613	$0.005148	14,298,972	Low Vol	0.01%	-0.58%	0.88%	
1008	LTCR Litecred	LTCR	$67,833	$0.002244	30,227,750	Low Vol	-5.79%	-20.63%	-19.16%	
1009	ZYD Zayedcoin	ZYD	$67,585	$0.010824	6,243,840	Low Vol	0.01%	-3.33%	9.25%	
1010	VIP VIP Tokens	VIP	$66,094	$0.000792	83,450,403 *	Low Vol	-0.05%	?	-12.76%	
1011	URO Uro	URO	$63,907	$0.052933	1,207,310	Low Vol	-0.05%	?	-46.91%	
1012	PIE PIECoin	PIE	$63,407	$0.005676	11,170,786 *	Low Vol	0.01%	14.95%	17.77%	
1013	WARP WARP	WARP	$63,034	$0.057553	1,095,224 *	Low Vol	-0.05%	-5.56%	-20.29%	
1014	ADCN Asiadigicoin	ADCN	$62,529	$0.002508	24,931,054	Low Vol	-20.88%	-22.09%	9.44%	
1015	ORLY Orlycoin	ORLY	$58,050	$0.001584	36,646,779	Low Vol	0.01%	-1.93%	12.57%	
1016	STEPS Steps	STEPS	$57,352	$0.003079	18,625,017 *	Low Vol	?	-0.14%	70.30%	
1017	CWXT CryptoWorldX ...	CWXT	$55,099	$0.000924	59,630,200 *	Low Vol	-0.05%	10.04%	25.56%	
1018	MND MindCoin	MND	$54,459	$0.003432	15,867,695	Low Vol	-0.10%	?	-24.63%	
1019	RIDE Ride My Car	RIDE	$53,475	$0.000528	101,276,976 *	Low Vol	0.01%	25.75%	56.39%	
1020	MILO MiloCoin	MILO	$53,306	$0.004940	10,789,954	Low Vol	-0.78%	-9.43%	24.80%	
1021	DLISK DAPPSTER	DLISK	$52,801	$0.000528	100,000,000 *	Low Vol	-0.05%	-5.69%	-5.32%	
1022	DPAY DPAY	DPAY	$52,498	$0.000660	79,541,001	Low Vol	0.01%	-5.68%	-5.32%	
1023	MTM MTMGaming	MTM	$52,419	$0.017473	2,999,967 *	?	?	1.13%	?	
1024	IMPS ImpulseCoin	IMPS	$50,777	$0.002508	20,245,510	Low Vol	0.01%	?	38.37%	
1025	GBT GameBet Coin	GBT	$50,521	$0.002376	21,262,780 *	Low Vol	?	?	-10.44%	
1026	CRT CRTCoin	CRT	$50,227	$0.633614	79,270	Low Vol	0.01%	-5.69%	-5.32%	
1027	PONZI PonziCoin	PONZI	$49,218	$0.057157	861,099	Low Vol	0.01%	2.09%	-5.69%	
1028	BIOS BiosCrypto	BIOS	$46,725	$0.002244	20,821,709 *	Low Vol	0.01%	33.62%	0.59%	
1029	SLEVIN Slevin	SLEVIN	$46,201	$0.000660	70,000,000 *	Low Vol	0.01%	-32.64%	18.35%	
1030	TAGR TAGRcoin	TAGR	$45,941	$0.001188	38,669,634 *	Low Vol	-0.05%	-5.68%	2.49%	
1031	G3N G3N	G3N	$45,917	$0.006072	7,561,891	Low Vol	-0.05%	-11.16%	67.51%	
1032	BSC BowsCoin	BSC	$42,493	$0.007656	5,550,102	Low Vol	-0.05%	-21.85%	-20.41%	
1033	JOBS JobsCoin	JOBS	$41,985	$0.000396	106,019,270	Low Vol	0.01%	-3.04%	8.90%	
1034	PLACO PlayerCoin	PLACO	$41,724	$0.001188	35,120,000	Low Vol	5.89%	-5.68%	-21.32%	
1035	ARB ARbit	ARB	$41,308	$0.005148	8,023,930	Low Vol	0.01%	?	-1.14%	
1036	EGO EGO	EGO	$39,601	$0.000660	60,000,001 *	Low Vol	-0.05%	17.90%	-21.13%	
1037	WBB Wild Beast Block	WBB	$39,117	$0.220049	177,763	Low Vol	-1.81%	-13.65%	-27.09%	
1038	DES Destiny	DES	$38,101	$0.023813	1,600,000	Low Vol	?	?	-10.32%	
1039	PLNC PLNcoin	PLNC	$36,094	$0.002112	17,089,600	Low Vol	-22.57%	-4.69%	-19.10%	
1040	ZNE Zonecoin	ZNE	$35,787	$0.013860	2,581,970	Low Vol	-0.05%	-29.26%	41.89%	
1041	LIR LetItRide	LIR	$33,612	$0.000924	36,375,503 *	Low Vol	-0.05%	-5.68%	32.34%	
1042	HVCO High Voltage	HVCO	$31,163	$0.020857	1,494,171 *	Low Vol	6.05%	20.17%	3.19%	
1043	OS76 OsmiumCoin	OS76	$27,339	$0.030580	894,026	Low Vol	-0.06%	-14.07%	-44.33%	
1044	SCS Speedcash	SCS	$27,235	$0.104018	261,831	Low Vol	0.01%	4.52%	42.39%	
1045	FXE FuturXe	FXE	$25,438	$0.108052	235,421 *	Low Vol	-7.93%	-3.99%	3.55%	
1046	ALTC Antilitecoin	ALTC	$24,959	$0.000792	31,512,613	Low Vol	-0.05%	13.18%	-4.31%	
1047	SDP SydPak	SDP	$24,893	$0.155631	159,948 *	Low Vol	0.01%	35.61%	-2.79%	
1048	XOC Xonecoin	XOC	$24,727	$0.058873	420,000 *	Low Vol	0.01%	5.37%	25.79%	
1049	PEX PosEx	PEX	$24,611	$0.010032	2,453,240	Low Vol	0.01%	-28.32%	?	
1050	KNC KingN Coin	KNC	$23,611	$11.76	2,008 *	Low Vol	0.01%	29.10%	26.48%	
1051	CAB Cabbage	CAB	$23,563	$0.002244	10,499,996 *	Low Vol	-0.05%	2.62%	46.34%	
1052	GBC GBCGoldCoin	GBC	$22,610	$0.001990	11,361,817	Low Vol	0.00%	-31.14%	67.09%	
1053	CTIC2 Coimatic 2.0	CTIC2	$20,145	$0.001489	13,532,750	Low Vol	-0.06%	-10.11%	26.89%	
1054	BIOB BioBar	BIOB	$19,643	$0.022176	885,756 *	Low Vol	29.25%	?	-12.13%	
1055	CESC CryptoEscudo	CESC	$19,022	$0.000132	144,105,100	Low Vol	0.01%	-5.69%	-5.31%	
1056	MRNG MorningStar	MRNG	$16,897	$0.000515	32,820,913 *	Low Vol	0.01%	-8.04%	42.55%	
1057	IBANK iBank	IBANK	$16,132	$0.003564	4,526,324	Low Vol	-0.05%	27.04%	-11.13%	
1058	CCM100 CCMiner	CCM100	$16,084	$0.004786	3,360,417 *	Low Vol	146.84%	66.77%	-21.82%	
1059	LEX Lex4All	LEX	$15,976	$0.015976	1,000,000 *	?	?	?	113.67%	
1060	SOCC SocialCoin	SOCC	$15,173	$0.010956	1,384,879	Low Vol	0.01%	-4.15%	57.17%	
1061	XNG Enigma	XNG	$14,643	$0.880723	16,627	Low Vol	11.21%	73.66%	360.93%	
1062	SLFI Selfiecoin	SLFI	$14,234	$0.000132	107,829,281	Low Vol	0.01%	-5.68%	-5.32%	
1063	NODC NodeCoin	NODC	$12,629	$0.007524	1,678,439	Low Vol	35.73%	-7.67%	61.34%	
1064	XRC Rawcoin	XRC	$12,621	$0.017905	704,882	Low Vol	0.01%	-9.79%	-2.51%	
1065	ULA Ulatech	ULA	$12,434	$0.062041	200,411	Low Vol	0.01%	-5.68%	150.59%	
1066	QBK Qibuck Asset	QBK	$12,145	$0.007267	1,671,379 *	Low Vol	-0.14%	-27.16%	-85.14%	
1067	P7C P7Coin	P7C	$9,298	$0.000264	35,220,238	Low Vol	0.01%	-52.85%	-52.66%	
1068	EBT Ebittree Coin	EBT	$8,346	$0.006600	1,264,511	Low Vol	-0.90%	-52.84%	-40.03%	
1069	SANDG Save and Gain	SANDG	$8,091	$0.002640	3,064,800	Low Vol	-0.05%	?	-30.32%	
1070	TSTR Tristar Coin	TSTR	$7,301	$0.001452	5,027,857	Low Vol	0.01%	15.27%	73.58%	
1071	CONX Concoin	CONX	$6,484	$0.008712	744,266	Low Vol	26.94%	27.89%	19.75%	
1072	SOJ Sojourn	SOJ	$4,804	$0.009900	485,214	Low Vol	0.01%	?	?	
1073	OCEAN BurstOcean	OCEAN	$4,105	$0.019378	211,827 *	Low Vol	-0.14%	11.00%	-65.53%	
1074	PIZZA PizzaCoin	PIZZA	$3,258	$0.002364	1,377,917	Low Vol	-0.44%	-6.05%	2.66%	
1075	DGCS Digital Credits	DGCS	$2,307	$0.000396	5,826,388	Low Vol	0.01%	-21.27%	9.41%	
1076	ABN Abncoin	ABN	$1,019	$0.015048	67,700	Low Vol	-0.05%	-12.65%	10.82%	
1077	CALC CaliphCoin	CALC	$137	$0.001573	87,140	Low Vol	-0.05%	25.91%	30.09%	
1078	APW AppleCoin	APW	$13	$0.000132	95,736	Low Vol	0.01%	-5.68%	-5.32%	
1079	ATMC ATMCoin	ATMC	?	$5.41	? *	$111,804,000	0.01%	-0.26%	13.53%	
1080	SMT SmartMesh	SMT	?	$0.067296	? *	$35,465,800	-0.34%	26.91%	31.90%	
1081	BIX Bibox Token	BIX	?	$0.700611	? *	$18,217,400	-0.79%	-2.77%	25.96%	
1082	DBC DeepBrain Chain	DBC	?	$0.134807	? *	$11,643,100	-0.05%	29.89%	?	
1083	NAS Nebulas	NAS	?	$5.22	? *	$7,982,840	0.15%	-6.67%	32.65%	
1084	NGC NAGA	NGC	?	$2.71	? *	$7,744,660	7.59%	-29.09%	94.60%	
1085	BCD Bitcoin Diamond	BCD	?	$28.04	?	$7,608,220	-0.42%	-9.64%	-42.15%	
1086	GTO Gifto	GTO	?	$0.283062	? *	$7,564,300	-3.77%	-3.06%	4.74%	
1087	GNX Genaro Network	GNX	?	$0.458854	? *	$7,472,090	0.56%	33.85%	47.83%	
1088	USNBT NuBits	USNBT	?	$0.984742	? *	$3,590,340	-0.54%	-0.75%	-20.81%	
1089	TSL Energo	TSL	?	$0.118369	? *	$3,312,280	1.25%	-2.16%	-27.42%	
1090	AMM MicroMoney	AMM	?	$0.736341	? *	$2,830,810	-0.37%	16.17%	57.62%	
1091	QLC QLINK	QLC	?	$0.310998	? *	$2,570,640	0.97%	-4.93%	?	
1092	B2X SegWit2x [Fut...	B2X	?	$254.03	?	$2,177,620	-0.15%	-6.89%	-55.21%	
1093	EMB EmberCoin	EMB	?	$0.000026	? *	$1,849,510	-18.52%	-17.71%	218.89%	
1094	AI POLY AI	AI	?	$10.53	? *	$1,595,970	-0.34%	-9.97%	-17.08%	
1095	CMS COMSA [ETH]	CMS	?	$2.41	? *	$1,538,000	0.29%	-1.94%	-9.47%	
1096	DEW DEW	DEW	?	$2.02	? *	$1,536,440	1.63%	-12.20%	-20.61%	
1097	SPHTX SophiaTX	SPHTX	?	$0.713022	? *	$1,532,500	-1.02%	25.25%	?	
1098	HBC HomeBlockCoin	HBC	?	$8.84	?	$1,522,590	-2.16%	-20.64%	?	
1099	PRO ProChain	PRO	?	$0.339937	? *	$1,381,420	0.78%	-8.87%	2.96%	
1100	BCX BitcoinX [Fut...	BCX	?	$0.048453	?	$1,226,720	-0.01%	-3.94%	-10.24%	
1101	BT2 BT2 [CST]	BT2	?	$38.18	? *	$1,050,830	0.37%	-40.81%	-79.84%	
1102	VIU Viuly	VIU	?	$0.014157	? *	$955,232	3.14%	-3.20%	-25.84%	
1103	CMS COMSA [XEM]	CMS	?	$2.50	? *	$906,682	2.41%	-1.99%	-8.34%	
1104	SRN SIRIN LABS Token	SRN	?	$0.871656	? *	$856,691	-1.88%	-18.10%	?	
1105	HTML HTMLCOIN	HTML	?	$0.000795	?	$816,421	0.06%	18.73%	?	
1106	STC Santa Coin	STC	?	$0.385316	? *	$799,675	14.48%	-5.32%	-40.65%	
1107	SBTC Super Bitcoin	SBTC	?	$182.12	?	$777,728	0.85%	-14.22%	-29.25%	
1108	WC WINCOIN	WC	?	$0.939745	?	$699,649	2.08%	-5.07%	-7.17%	
1109	UGT UG Token	UGT	?	$0.704872	? *	$669,977	-0.31%	0.32%	2.03%	
1110	CLUB ClubCoin	CLUB	?	$2.94	? *	$656,471	0.61%	-4.66%	-18.28%	
1111	QBT Qbao	QBT	?	$0.665316	? *	$524,137	-3.51%	3.96%	1.43%	
1112	EAG EA Coin	EAG	?	$1.72	?	$513,630	0.27%	-7.01%	-17.61%	
1113	MKR Maker	MKR	?	$896.35	? *	$510,335	-0.23%	-7.95%	-11.40%	
1114	MDS MediShares	MDS	?	$0.051694	? *	$502,575	3.95%	8.00%	2.51%	
1115	XTZ Tezos (Pre-La...	XTZ	?	$4.53	? *	$494,295	2.75%	13.28%	6.74%	
1116	FRGC Fargocoin	FRGC	?	$8.20	?	$432,864	-0.16%	-21.05%	-21.32%	
1117	NEU Neumark	NEU	?	$0.672450	? *	$430,908	0.55%	-13.97%	?	
1118	INF InfChain	INF	?	$0.022201	?	$430,695	1.89%	-1.05%	-16.36%	
1119	GRX GOLD Reward T...	GRX	?	$1.55	? *	$415,270	0.02%	2.86%	-3.06%	
1120	SHND StrongHands	SHND	?	$7.7e-07	?	$389,091	3.12%	26.90%	263.40%	
1121	MAGE MagicCoin	MAGE	?	$5.87	?	$366,774	0.88%	-1.53%	-5.34%	
1122	BIG BigONE Token	BIG	?	$4.79	? *	$346,186	-1.12%	-2.48%	?	
1123	GBG Golos Gold	GBG	?	$0.242962	? *	$290,702	-1.37%	4.01%	5.95%	
1124	WRC Worldcore	WRC	?	$0.119383	? *	$288,694	-1.43%	-12.17%	-13.81%	
1125	XID Sphre AIR	XID	?	$0.273310	? *	$249,776	-0.09%	-4.86%	-3.28%	
1126	LLT LLToken	LLT	?	$0.234706	? *	$217,775	0.44%	1.04%	-22.57%	
1127	CAPP Cappasity	CAPP	?	$0.076358	? *	$214,531	6.32%	-2.62%	150.28%	
1128	ACE Ace	ACE	?	$0.436285	? *	$190,835	-2.06%	-6.64%	?	
1129	BTCA Bitair	BTCA	?	$0.010736	? *	$181,889	1.61%	-20.00%	-14.42%	
1130	SAFEX Safe Exchange...	SAFEX	?	$0.021135	? *	$161,918	-7.66%	-15.25%	-48.94%	
1131	FIL Filecoin [Fut...	FIL	?	$19.90	?	$155,867	-0.64%	-0.36%	-18.67%	
1132	IGNIS Ignis [Futures]	IGNIS	?	$13.56	? *	$153,143	-11.35%	4.67%	216.77%	
1133	BTU Bitcoin Unlim...	BTU	?	$53.44	?	$145,430	0.00%	-49.78%	-72.56%	
1134	BTE BitSerial	BTE	?	$1.70	? *	$136,326	-4.80%	-16.24%	11.21%	
1135	ZENGOLD ZenGold	ZENGOLD	?	$0.071282	? *	$128,186	0.48%	9.84%	5.96%	
1136	UBTC United Bitcoin	UBTC	?	$378.60	?	$109,576	0.46%	5.78%	-22.33%	
1137	DIM DIMCOIN	DIM	?	$0.146109	? *	$109,063	3.10%	-13.90%	?	
1138	SBC StrikeBitClub	SBC	?	$0.374624	?	$90,095	0.01%	3.84%	-13.20%	
1139	MSD MSD	MSD	?	$0.010603	? *	$90,039	0.01%	9.38%	118.34%	
1140	BSR BitSoar	BSR	?	$0.132003	?	$89,894	-5.47%	-3.28%	-19.31%	
1141	KBR Kubera Coin	KBR	?	$0.077882	? *	$87,233	1.15%	11.78%	-8.41%	
1142	DAV DavorCoin	DAV	?	$57.02	? *	$80,602	2.70%	2.50%	189.48%	
1143	NEOG NEO GOLD	NEOG	?	$0.013821	? *	$77,136	-13.89%	88.79%	426.10%	
1144	ICX ICON [Futures]	ICX	?	$4.91	? *	$74,397	-4.15%	-7.31%	-8.55%	
1145	THS TechShares	THS	?	$0.570213	? *	$73,370	4.29%	0.94%	-1.42%	
1146	XIN Infinity Econ...	XIN	?	$0.021385	? *	$72,654	0.32%	-9.75%	-13.34%	
1147	EXRN EXRNchain	EXRN	?	$0.000027	? *	$72,083	2.59%	66.41%	668.94%	
1148	PEC Peacecoin	PEC	?	$0.011088	? *	$68,035	-0.73%	-17.84%	-61.74%	
1149	UQC Uquid Coin	UQC	?	$1.13	? *	$65,809	0.26%	-2.06%	-6.01%	
1150	TOK Tokugawa	TOK	?	$1.02	? *	$65,477	-4.76%	-11.64%	10.07%	
1151	BCDN BlockCDN	BCDN	?	$0.188897	? *	$49,150	-0.21%	-1.57%	-19.75%	
1152	VASH VPNCoin	VASH	?	$0.008448	? *	$46,386	0.01%	-0.60%	11.10%	
1153	WAND WandX	WAND	?	$0.570188	? *	$45,224	0.96%	15.31%	?	
1154	CPAY Cryptopay	CPAY	?	$0.244512	? *	$44,202	-4.59%	-15.75%	?	
1155	STAR Starbase	STAR	?	$0.076492	? *	$40,024	-5.86%	-31.59%	-11.64%	
1156	MGC MergeCoin	MGC	?	$0.039601	? *	$33,419	-3.63%	-25.29%	105.96%	
1157	BUB Bubble	BUB	?	$0.032341	? *	$30,248	31.65%	73.71%	127.40%	
1158	BT1 BT1 [CST]	BT1	?	$14276.60	? *	$20,290	-0.02%	-2.80%	-10.68%	
1159	SIGMA SIGMAcoin	SIGMA	?	$0.088913	? *	$19,300	-0.26%	2.08%	40.56%	
1160	BOS BOScoin	BOS	?	$2.23	? *	$18,935	0.01%	-1.21%	-15.73%	
1161	ANTX Antimatter	ANTX	?	$0.000264	?	$17,698	-0.05%	-5.68%	89.38%	
1162	TIE TIES Network	TIE	?	$0.114095	? *	$17,600	-0.06%	-31.37%	-6.31%	
1163	SISA SISA	SISA	?	$0.026109	? *	$16,324	-0.29%	5.36%	17.74%	
1164	NAMO NamoCoin	NAMO	?	$0.000196	?	$11,482	6.48%	58.91%	90.56%	
1165	XRY Royalties	XRY	?	$0.000078	?	$11,399	-0.21%	10.98%	-7.08%	
1166	KARMA Karmacoin	KARMA	?	$0.000132	?	$10,987	0.01%	-5.68%	-5.32%	
1167	SUR Suretly	SUR	?	$4.11	? *	$10,689	-20.59%	-17.88%	18.61%	
1168	OX OX Fina	OX	?	$0.000472	? *	$10,103	3.03%	6.81%	0.95%	
1169	ACC AdCoin	ACC	?	$0.174247	?	$9,870	35.10%	70.63%	100.50%	
1170	BGR Bongger	BGR	?	$0.002248	?	$9,114	-5.16%	68.24%	650.84%	
1171	WIC Wi Coin	WIC	?	$0.008301	? *	$8,764	-8.17%	-20.40%	247.29%	
1172	RBBT RabbitCoin	RBBT	?	$0.000009	?	$8,058	7.81%	-4.72%	34.57%	
1173	XYLO XYLO	XYLO	?	$0.327367	?	$7,937	0.01%	-13.61%	592.70%	
1174	LTG LiteCoin Gold	LTG	?	$0.006209	? *	$7,812	0.26%	-8.53%	7.22%	
1175	BAT BatCoin	BAT	?	$0.000012	?	$7,791	2.17%	22.88%	61.31%	
1176	UAHPAY UAHPay	UAHPAY	?	$0.000225	? *	$7,444	-19.46%	62.44%	174.63%	
1177	YTN YENTEN	YTN	?	$0.092446	?	$7,300	-5.70%	0.20%	-17.48%	
1178	FUDD DimonCoin	FUDD	?	$0.000016	? *	$7,123	-26.05%	-44.89%	-34.28%	
1179	ANI Animecoin	ANI	?	$0.000401	?	$7,044	-16.65%	-8.84%	-43.69%	
1180	SND Sand Coin	SND	?	$0.762249	? *	$6,924	-1.16%	3.32%	11.87%	
1181	PNX Phantomx	PNX	?	$0.052810	?	$6,871	-27.26%	-19.13%	117.60%	
1182	MCR Macro	MCR	?	$1.38	? *	$5,744	-0.13%	1.22%	-10.06%	
1183	CMP Compcoin	CMP	?	$12.47	?	$5,574	0.41%	-6.43%	5.15%	
1184	DMC DynamicCoin	DMC	?	$0.002954	?	$5,200	1.34%	49.06%	102.26%	
1185	BTCM BTCMoon	BTCM	?	$0.013780	? *	$4,848	-16.83%	12.41%	3.81%	
1186	ETT EncryptoTel [...	ETT	?	$0.152061	? *	$4,828	0.09%	-